residue,epsvr,annotated
45_2EF1,1.0,0
46_2EF1,0.96,0
47_2EF1,0.89,0
48_2EF1,0.77,0
49_2EF1,0.66,0
50_2EF1,0.56,0
51_2EF1,0.32,0
52_2EF1,0.3,0
53_2EF1,0.44,0
54_2EF1,0.0,0
55_2EF1,0.0,0
56_2EF1,0.54,0
57_2EF1,0.63,0
58_2EF1,0.78,0
59_2EF1,0.0,0
60_2EF1,0.91,0
61_2EF1,0.69,0
62_2EF1,0.62,0
63_2EF1,0.0,0
64_2EF1,0.74,0
65_2EF1,0.64,0
66_2EF1,0.58,0
67_2EF1,0.0,0
68_2EF1,0.73,0
69_2EF1,0.62,0
70_2EF1,0.0,0
71_2EF1,0.83,0
72_2EF1,0.71,0
73_2EF1,0.6,0
74_2EF1,0.6,0
75_2EF1,0.72,0
76_2EF1,0.67,0
77_2EF1,0.75,0
78_2EF1,0.85,0
79_2EF1,0.84,0
80_2EF1,0.0,0
81_2EF1,0.87,0
82_2EF1,0.76,0
83_2EF1,0.84,0
84_2EF1,0.93,0
85_2EF1,0.78,0
86_2EF1,0.8,0
87_2EF1,0.92,0
88_2EF1,0.9,0
89_2EF1,0.0,0
90_2EF1,0.94,0
91_2EF1,0.95,0
92_2EF1,0.0,0
93_2EF1,0.0,0
94_2EF1,0.86,0
95_2EF1,0.93,0
96_2EF1,0.79,0
97_2EF1,0.64,0
98_2EF1,0.0,0
99_2EF1,0.51,0
100_2EF1,0.43,0
101_2EF1,0.0,0
102_2EF1,0.52,0
103_2EF1,0.63,0
104_2EF1,0.81,0
105_2EF1,0.71,0
106_2EF1,0.0,0
107_2EF1,0.85,0
108_2EF1,0.9,0
109_2EF1,0.0,0
110_2EF1,0.0,0
111_2EF1,0.83,0
112_2EF1,0.88,0
113_2EF1,0.8,0
114_2EF1,0.74,0
115_2EF1,0.55,0
116_2EF1,0.38,0
117_2EF1,0.11,0
118_2EF1,0.03,0
119_2EF1,0.01,0
120_2EF1,0.02,1
121_2EF1,0.02,1
122_2EF1,0.0,0
123_2EF1,0.0,0
124_2EF1,0.0,0
125_2EF1,0.28,0
126_2EF1,0.51,0
127_2EF1,0.57,0
128_2EF1,0.68,0
129_2EF1,0.43,0
130_2EF1,0.52,0
131_2EF1,0.53,0
132_2EF1,0.0,0
133_2EF1,0.41,0
134_2EF1,0.33,0
135_2EF1,0.11,1
136_2EF1,0.0,0
137_2EF1,0.28,0
138_2EF1,0.3,0
139_2EF1,0.13,1
140_2EF1,0.18,0
141_2EF1,0.08,1
142_2EF1,0.08,1
143_2EF1,0.13,0
144_2EF1,0.0,0
145_2EF1,0.16,0
146_2EF1,0.24,0
147_2EF1,0.21,0
148_2EF1,0.35,0
149_2EF1,0.0,0
150_2EF1,0.73,0
151_2EF1,0.48,0
152_2EF1,0.5,0
153_2EF1,0.0,0
154_2EF1,0.0,0
155_2EF1,0.31,0
156_2EF1,0.34,0
157_2EF1,0.36,0
158_2EF1,0.35,0
159_2EF1,0.0,0
160_2EF1,0.0,0
161_2EF1,0.0,0
162_2EF1,0.82,0
163_2EF1,0.94,0
164_2EF1,0.97,0
165_2EF1,0.98,0
166_2EF1,0.99,0
167_2EF1,0.95,0
168_2EF1,0.91,0
169_2EF1,0.0,0
170_2EF1,0.81,0
171_2EF1,0.79,0
172_2EF1,0.66,0
173_2EF1,0.59,0
174_2EF1,0.0,0
175_2EF1,0.23,0
176_2EF1,0.17,0
177_2EF1,0.16,0
178_2EF1,0.19,0
179_2EF1,0.17,0
180_2EF1,0.15,0
181_2EF1,0.26,0
182_2EF1,0.27,0
183_2EF1,0.29,0
184_2EF1,0.0,0
185_2EF1,0.26,0
186_2EF1,0.19,0
187_2EF1,0.0,0
188_2EF1,0.0,0
189_2EF1,0.18,0
190_2EF1,0.33,0
191_2EF1,0.49,0
192_2EF1,0.45,0
193_2EF1,0.21,0
194_2EF1,0.44,0
195_2EF1,0.39,0
196_2EF1,0.07,0
197_2EF1,0.0,0
198_2EF1,0.06,0
199_2EF1,0.05,0
200_2EF1,0.0,0
201_2EF1,0.01,0
202_2EF1,0.03,1
203_2EF1,0.04,1
204_2EF1,0.0,0
205_2EF1,0.05,1
206_2EF1,0.0,0
207_2EF1,0.0,0
208_2EF1,0.0,0
209_2EF1,0.72,0
210_2EF1,0.0,0
211_2EF1,0.86,0
212_2EF1,0.88,0
213_2EF1,0.89,0
214_2EF1,0.65,0
215_2EF1,0.0,0
216_2EF1,0.0,0
217_2EF1,0.57,0
218_2EF1,0.47,0
219_2EF1,0.54,0
220_2EF1,0.4,0
221_2EF1,0.34,0
222_2EF1,0.0,0
223_2EF1,0.0,0
224_2EF1,0.46,0
225_2EF1,0.37,0
226_2EF1,0.2,0
227_2EF1,0.0,0
228_2EF1,0.42,0
229_2EF1,0.23,0
230_2EF1,0.0,0
231_2EF1,0.12,0
232_2EF1,0.14,0
233_2EF1,0.06,0
234_2EF1,0.04,0
235_2EF1,0.0,0
236_2EF1,0.1,1
237_2EF1,0.09,1
238_2EF1,0.0,0
239_2EF1,0.07,1
240_2EF1,0.0,0
241_2EF1,0.29,1
242_2EF1,0.0,0
243_2EF1,0.61,0
244_2EF1,0.82,0
245_2EF1,0.96,0
246_2EF1,0.98,0
247_2EF1,0.99,0
248_2EF1,1.0,0
249_2EF1,0.97,0
250_2EF1,0.87,0
251_2EF1,0.77,0
252_2EF1,0.65,0
253_2EF1,0.76,0
254_2EF1,0.47,0
255_2EF1,0.5,0
256_2EF1,0.7,0
257_2EF1,0.58,0
258_2EF1,0.56,0
259_2EF1,0.0,0
260_2EF1,0.45,0
261_2EF1,0.48,0
262_2EF1,0.0,0
263_2EF1,0.4,0
264_2EF1,0.49,0
265_2EF1,0.46,0
266_2EF1,0.0,0
267_2EF1,0.31,0
268_2EF1,0.37,0
269_2EF1,0.25,0
270_2EF1,0.27,0
271_2EF1,0.0,0
272_2EF1,0.15,1
273_2EF1,0.22,1
274_2EF1,0.22,1
275_2EF1,0.2,1
276_2EF1,0.38,1
277_2EF1,0.61,0
278_2EF1,0.55,0
279_2EF1,0.67,0
280_2EF1,0.69,0
281_2EF1,0.7,0
282_2EF1,0.68,0
283_2EF1,0.39,0
284_2EF1,0.24,0
285_2EF1,0.53,0
286_2EF1,0.36,0
287_2EF1,0.12,0
288_2EF1,0.1,0
289_2EF1,0.41,0
290_2EF1,0.32,0
291_2EF1,0.14,0
187_2VJ2,0.61,0
188_2VJ2,0.63,0
189_2VJ2,0.7,0
190_2VJ2,0.78,1
191_2VJ2,0.58,0
192_2VJ2,0.8,0
193_2VJ2,0.96,0
194_2VJ2,0.93,0
195_2VJ2,0.92,0
196_2VJ2,0.87,0
197_2VJ2,0.99,0
198_2VJ2,1.0,0
199_2VJ2,0.99,0
200_2VJ2,0.0,0
201_2VJ2,0.91,1
202_2VJ2,0.66,1
203_2VJ2,0.75,1
204_2VJ2,0.62,1
205_2VJ2,0.81,1
206_2VJ2,0.89,1
207_2VJ2,0.98,1
208_2VJ2,0.0,0
209_2VJ2,0.63,1
210_2VJ2,0.53,0
211_2VJ2,0.55,1
212_2VJ2,0.51,0
213_2VJ2,0.56,0
214_2VJ2,0.64,0
215_2VJ2,0.81,0
216_2VJ2,0.0,0
217_2VJ2,0.95,0
218_2VJ2,0.96,0
219_2VJ2,0.79,1
220_2VJ2,0.69,0
221_2VJ2,0.52,1
222_2VJ2,0.45,1
223_2VJ2,0.48,0
224_2VJ2,0.49,1
225_2VJ2,0.6,0
226_2VJ2,0.9,0
227_2VJ2,0.9,0
228_2VJ2,0.97,0
229_2VJ2,0.0,0
230_2VJ2,0.94,0
231_2VJ2,0.73,0
232_2VJ2,0.0,0
233_2VJ2,0.35,0
234_2VJ2,0.17,0
235_2VJ2,0.28,0
236_2VJ2,0.3,0
237_2VJ2,0.23,0
238_2VJ2,0.14,0
239_2VJ2,0.02,0
240_2VJ2,0.29,0
241_2VJ2,0.15,0
242_2VJ2,0.08,0
243_2VJ2,0.0,0
244_2VJ2,0.26,0
245_2VJ2,0.38,0
246_2VJ2,0.57,1
247_2VJ2,0.54,1
248_2VJ2,0.41,0
249_2VJ2,0.13,0
250_2VJ2,0.29,1
251_2VJ2,0.0,0
252_2VJ2,0.11,1
253_2VJ2,0.03,0
254_2VJ2,0.08,0
255_2VJ2,0.22,0
256_2VJ2,0.0,0
257_2VJ2,0.1,0
258_2VJ2,0.27,0
259_2VJ2,0.12,0
260_2VJ2,0.19,0
261_2VJ2,0.23,0
262_2VJ2,0.0,0
263_2VJ2,0.02,0
264_2VJ2,0.06,0
265_2VJ2,0.18,0
266_2VJ2,0.21,0
267_2VJ2,0.35,0
268_2VJ2,0.33,0
269_2VJ2,0.37,0
270_2VJ2,0.38,0
271_2VJ2,0.0,0
272_2VJ2,0.31,0
273_2VJ2,0.32,0
274_2VJ2,0.0,0
275_2VJ2,0.25,0
276_2VJ2,0.05,0
277_2VJ2,0.01,0
278_2VJ2,0.07,0
279_2VJ2,0.2,0
280_2VJ2,0.24,0
281_2VJ2,0.36,0
282_2VJ2,0.2,0
283_2VJ2,0.09,0
284_2VJ2,0.05,0
285_2VJ2,0.04,0
286_2VJ2,0.14,0
287_2VJ2,0.17,0
288_2VJ2,0.11,0
289_2VJ2,0.32,0
290_2VJ2,0.42,0
291_2VJ2,0.43,0
292_2VJ2,0.34,0
293_2VJ2,0.0,0
294_2VJ2,0.44,0
295_2VJ2,0.5,0
296_2VJ2,0.44,0
297_2VJ2,0.16,0
298_2VJ2,0.26,0
299_2VJ2,0.74,0
300_2VJ2,0.47,0
301_2VJ2,0.39,0
302_2VJ2,0.41,0
303_2VJ2,0.75,0
304_2VJ2,0.66,0
305_2VJ2,0.77,0
306_2VJ2,0.0,0
307_2VJ2,0.68,0
308_2VJ2,0.72,0
309_2VJ2,0.69,0
310_2VJ2,0.0,0
311_2VJ2,0.6,0
312_2VJ2,0.54,0
313_2VJ2,0.51,0
314_2VJ2,0.4,0
315_2VJ2,0.59,0
316_2VJ2,0.46,0
317_2VJ2,0.47,0
318_2VJ2,0.57,0
319_2VJ2,0.72,0
320_2VJ2,0.78,0
321_2VJ2,0.71,0
322_2VJ2,0.0,0
323_2VJ2,0.76,0
324_2VJ2,0.67,0
325_2VJ2,0.65,0
326_2VJ2,0.85,0
327_2VJ2,0.86,0
328_2VJ2,0.84,0
329_2VJ2,0.84,0
330_2VJ2,0.87,0
331_2VJ2,0.83,0
332_2VJ2,0.82,0
333_2VJ2,0.0,0
334_2VJ2,0.93,0
335_2VJ2,0.88,0
1_1WIO,0.09,0
2_1WIO,0.06,0
3_1WIO,0.08,1
4_1WIO,0.05,0
5_1WIO,0.15,0
6_1WIO,0.17,0
7_1WIO,0.13,0
8_1WIO,0.25,0
9_1WIO,0.24,0
10_1WIO,0.16,0
11_1WIO,0.14,0
12_1WIO,0.07,0
13_1WIO,0.23,0
14_1WIO,0.0,0
15_1WIO,0.32,0
16_1WIO,0.0,0
17_1WIO,0.81,0
18_1WIO,0.84,0
19_1WIO,0.92,0
20_1WIO,0.94,0
21_1WIO,0.94,0
22_1WIO,0.95,0
23_1WIO,0.98,0
24_1WIO,0.98,0
25_1WIO,0.96,0
26_1WIO,0.0,0
27_1WIO,0.95,0
28_1WIO,0.0,0
29_1WIO,0.71,0
30_1WIO,0.68,0
31_1WIO,0.4,0
32_1WIO,0.58,0
33_1WIO,0.64,0
34_1WIO,0.79,0
35_1WIO,0.92,0
36_1WIO,0.78,0
37_1WIO,0.0,0
38_1WIO,0.96,0
39_1WIO,0.98,0
40_1WIO,1.0,0
41_1WIO,1.0,0
42_1WIO,0.99,0
43_1WIO,1.0,0
44_1WIO,0.99,0
45_1WIO,0.97,0
46_1WIO,0.95,0
47_1WIO,0.95,0
48_1WIO,0.89,0
49_1WIO,0.86,0
50_1WIO,0.77,0
51_1WIO,0.48,0
52_1WIO,0.87,0
53_1WIO,0.88,0
54_1WIO,0.67,0
55_1WIO,0.0,0
56_1WIO,0.93,0
57_1WIO,0.0,0
58_1WIO,0.93,0
59_1WIO,0.97,0
60_1WIO,0.96,0
61_1WIO,0.91,0
62_1WIO,0.99,0
63_1WIO,0.97,0
64_1WIO,0.91,0
65_1WIO,0.91,0
66_1WIO,0.82,0
67_1WIO,0.0,0
68_1WIO,0.86,0
69_1WIO,0.0,0
70_1WIO,0.51,0
71_1WIO,0.0,0
72_1WIO,0.22,0
73_1WIO,0.37,0
74_1WIO,0.0,0
75_1WIO,0.48,0
76_1WIO,0.49,0
77_1WIO,0.45,0
78_1WIO,0.0,0
79_1WIO,0.38,0
80_1WIO,0.42,0
81_1WIO,0.26,0
82_1WIO,0.0,0
83_1WIO,0.51,0
84_1WIO,0.0,0
85_1WIO,0.84,0
86_1WIO,0.92,0
87_1WIO,0.93,0
88_1WIO,0.94,0
89_1WIO,0.84,0
90_1WIO,0.57,0
91_1WIO,0.59,0
92_1WIO,0.41,0
93_1WIO,0.0,0
94_1WIO,0.19,1
95_1WIO,0.0,0
96_1WIO,0.27,1
97_1WIO,0.0,0
98_1WIO,0.0,0
99_1WIO,0.2,0
100_1WIO,0.18,0
101_1WIO,0.09,0
102_1WIO,0.1,0
103_1WIO,0.19,0
104_1WIO,0.22,0
105_1WIO,0.08,0
106_1WIO,0.21,0
107_1WIO,0.35,0
108_1WIO,0.12,0
109_1WIO,0.15,0
110_1WIO,0.12,0
111_1WIO,0.15,0
112_1WIO,0.14,0
113_1WIO,0.05,0
114_1WIO,0.02,0
115_1WIO,0.03,0
116_1WIO,0.06,0
117_1WIO,0.18,0
118_1WIO,0.0,0
119_1WIO,0.46,0
120_1WIO,0.49,1
121_1WIO,0.46,0
122_1WIO,0.6,1
123_1WIO,0.54,1
124_1WIO,0.39,1
125_1WIO,0.41,1
126_1WIO,0.28,1
127_1WIO,0.3,1
128_1WIO,0.0,0
129_1WIO,0.2,0
130_1WIO,0.0,0
131_1WIO,0.1,0
132_1WIO,0.0,0
133_1WIO,0.04,0
134_1WIO,0.08,0
135_1WIO,0.1,0
136_1WIO,0.13,0
137_1WIO,0.16,0
138_1WIO,0.09,0
139_1WIO,0.17,0
140_1WIO,0.2,1
141_1WIO,0.27,1
142_1WIO,0.28,1
143_1WIO,0.21,0
144_1WIO,0.07,0
145_1WIO,0.11,0
146_1WIO,0.04,0
147_1WIO,0.07,0
148_1WIO,0.16,0
149_1WIO,0.0,0
150_1WIO,0.13,0
151_1WIO,0.05,0
152_1WIO,0.04,0
153_1WIO,0.06,0
154_1WIO,0.01,0
155_1WIO,0.01,0
156_1WIO,0.03,0
157_1WIO,0.0,0
158_1WIO,0.14,0
159_1WIO,0.0,0
160_1WIO,0.22,0
161_1WIO,0.0,0
162_1WIO,0.27,1
163_1WIO,0.31,1
164_1WIO,0.3,1
165_1WIO,0.31,1
166_1WIO,0.25,1
167_1WIO,0.18,0
168_1WIO,0.11,0
169_1WIO,0.17,0
170_1WIO,0.12,0
171_1WIO,0.06,0
172_1WIO,0.03,0
173_1WIO,0.01,0
174_1WIO,0.02,0
175_1WIO,0.02,0
176_1WIO,0.0,0
177_1WIO,0.11,0
178_1WIO,0.0,0
179_1WIO,0.0,0
180_1WIO,0.47,0
181_1WIO,0.5,0
182_1WIO,0.69,0
183_1WIO,0.73,0
184_1WIO,0.61,0
185_1WIO,0.62,0
186_1WIO,0.53,0
187_1WIO,0.49,0
188_1WIO,0.41,0
189_1WIO,0.47,0
190_1WIO,0.47,0
191_1WIO,0.61,0
192_1WIO,0.61,0
193_1WIO,0.59,0
194_1WIO,0.0,0
195_1WIO,0.42,0
196_1WIO,0.0,0
197_1WIO,0.63,0
198_1WIO,0.0,0
199_1WIO,0.64,0
200_1WIO,0.6,0
201_1WIO,0.56,0
202_1WIO,0.87,0
203_1WIO,0.9,0
204_1WIO,0.87,0
205_1WIO,0.88,0
206_1WIO,0.9,0
207_1WIO,0.89,0
208_1WIO,0.89,0
209_1WIO,0.88,0
210_1WIO,0.75,0
211_1WIO,0.8,0
212_1WIO,0.67,0
213_1WIO,0.24,0
214_1WIO,0.9,0
215_1WIO,0.73,0
216_1WIO,0.86,0
217_1WIO,0.7,0
218_1WIO,0.72,0
219_1WIO,0.79,0
220_1WIO,0.8,0
221_1WIO,0.85,0
222_1WIO,0.82,0
223_1WIO,0.85,0
224_1WIO,0.82,0
225_1WIO,0.72,0
226_1WIO,0.7,0
227_1WIO,0.35,0
228_1WIO,0.63,0
229_1WIO,0.24,0
230_1WIO,0.72,0
231_1WIO,0.67,0
232_1WIO,0.74,0
233_1WIO,0.85,0
234_1WIO,0.83,0
235_1WIO,0.74,0
236_1WIO,0.0,0
237_1WIO,0.58,0
238_1WIO,0.23,0
239_1WIO,0.36,0
240_1WIO,0.51,0
241_1WIO,0.53,0
242_1WIO,0.56,0
243_1WIO,0.54,0
244_1WIO,0.63,0
245_1WIO,0.44,0
246_1WIO,0.39,0
247_1WIO,0.25,0
248_1WIO,0.32,0
249_1WIO,0.38,0
250_1WIO,0.57,0
251_1WIO,0.59,0
252_1WIO,0.62,0
253_1WIO,0.65,0
254_1WIO,0.57,0
255_1WIO,0.44,0
256_1WIO,0.46,0
257_1WIO,0.0,0
258_1WIO,0.33,0
259_1WIO,0.26,0
260_1WIO,0.5,0
261_1WIO,0.58,0
262_1WIO,0.0,0
263_1WIO,0.51,0
264_1WIO,0.6,0
265_1WIO,0.64,0
266_1WIO,0.69,0
267_1WIO,0.0,0
268_1WIO,0.73,0
269_1WIO,0.79,0
270_1WIO,0.0,0
271_1WIO,0.81,0
272_1WIO,0.17,0
273_1WIO,0.78,0
274_1WIO,0.19,0
275_1WIO,0.76,0
276_1WIO,0.7,0
277_1WIO,0.78,0
278_1WIO,0.84,0
279_1WIO,0.75,0
280_1WIO,0.66,0
281_1WIO,0.68,0
282_1WIO,0.76,0
283_1WIO,0.0,0
284_1WIO,0.81,0
285_1WIO,0.0,0
286_1WIO,0.76,0
287_1WIO,0.0,0
288_1WIO,0.55,0
289_1WIO,0.0,0
290_1WIO,0.0,0
291_1WIO,0.0,0
292_1WIO,0.0,0
293_1WIO,0.52,0
294_1WIO,0.43,0
295_1WIO,0.55,0
296_1WIO,0.45,0
297_1WIO,0.39,0
298_1WIO,0.35,0
299_1WIO,0.32,0
300_1WIO,0.3,0
301_1WIO,0.33,0
302_1WIO,0.56,0
303_1WIO,0.0,0
304_1WIO,0.43,0
305_1WIO,0.0,0
306_1WIO,0.68,0
307_1WIO,0.0,0
308_1WIO,0.71,0
309_1WIO,0.69,0
310_1WIO,0.74,0
311_1WIO,0.77,0
312_1WIO,0.73,0
313_1WIO,0.66,0
314_1WIO,0.83,0
315_1WIO,0.0,0
316_1WIO,0.52,0
317_1WIO,0.0,0
318_1WIO,0.21,0
319_1WIO,0.36,0
320_1WIO,0.42,0
321_1WIO,0.31,0
322_1WIO,0.37,0
323_1WIO,0.45,0
324_1WIO,0.37,0
325_1WIO,0.29,0
326_1WIO,0.4,0
327_1WIO,0.71,0
328_1WIO,0.75,0
329_1WIO,0.77,0
330_1WIO,0.65,0
331_1WIO,0.54,0
332_1WIO,0.5,0
333_1WIO,0.0,0
334_1WIO,0.62,0
335_1WIO,0.36,0
336_1WIO,0.52,0
337_1WIO,0.48,0
338_1WIO,0.0,0
339_1WIO,0.39,0
340_1WIO,0.23,0
341_1WIO,0.33,0
342_1WIO,0.34,0
343_1WIO,0.0,0
344_1WIO,0.26,0
345_1WIO,0.0,0
346_1WIO,0.44,0
347_1WIO,0.0,0
348_1WIO,0.66,0
349_1WIO,0.65,0
350_1WIO,0.8,0
351_1WIO,0.83,0
352_1WIO,0.62,0
353_1WIO,0.28,0
354_1WIO,0.53,0
355_1WIO,0.55,0
356_1WIO,0.43,0
357_1WIO,0.29,0
358_1WIO,0.29,0
359_1WIO,0.38,0
360_1WIO,0.4,0
361_1WIO,0.34,0
362_1WIO,0.34,0
363_1WIO,0.28,0
12_3UP1,0.21,0
13_3UP1,0.19,0
14_3UP1,0.15,0
15_3UP1,0.12,0
16_3UP1,0.13,0
17_3UP1,0.22,0
18_3UP1,0.17,0
19_3UP1,0.12,0
20_3UP1,0.0,0
21_3UP1,0.27,0
22_3UP1,0.0,0
23_3UP1,0.59,0
24_3UP1,0.0,0
25_3UP1,0.72,0
26_3UP1,0.0,0
27_3UP1,0.38,0
28_3UP1,0.42,0
29_3UP1,0.42,0
30_3UP1,0.5,0
31_3UP1,0.43,0
32_3UP1,0.28,0
33_3UP1,0.38,0
34_3UP1,0.39,0
35_3UP1,0.0,0
36_3UP1,0.56,0
37_3UP1,0.0,0
38_3UP1,0.5,0
39_3UP1,0.0,0
40_3UP1,0.26,0
41_3UP1,0.29,0
42_3UP1,0.44,0
43_3UP1,0.36,0
44_3UP1,0.4,0
45_3UP1,0.47,0
46_3UP1,0.48,0
47_3UP1,0.54,0
48_3UP1,0.55,0
49_3UP1,0.6,0
50_3UP1,0.66,0
51_3UP1,0.0,0
52_3UP1,0.2,1
53_3UP1,0.0,0
54_3UP1,0.01,1
55_3UP1,0.08,1
56_3UP1,0.07,0
57_3UP1,0.0,0
58_3UP1,0.11,0
59_3UP1,0.06,1
60_3UP1,0.07,0
61_3UP1,0.01,1
62_3UP1,0.06,1
63_3UP1,0.21,0
64_3UP1,0.25,0
65_3UP1,0.0,0
66_3UP1,0.73,0
67_3UP1,0.76,0
68_3UP1,0.92,0
69_3UP1,0.86,0
70_3UP1,0.83,0
71_3UP1,0.8,0
72_3UP1,0.0,0
73_3UP1,0.63,0
74_3UP1,0.3,0
75_3UP1,0.31,0
76_3UP1,0.26,0
77_3UP1,0.18,0
78_3UP1,0.18,0
79_3UP1,0.0,0
80_3UP1,0.15,0
81_3UP1,0.27,0
82_3UP1,0.19,0
83_3UP1,0.24,0
84_3UP1,0.14,1
85_3UP1,0.0,1
86_3UP1,0.03,1
87_3UP1,0.0,0
88_3UP1,0.04,1
89_3UP1,0.0,0
90_3UP1,0.05,0
91_3UP1,0.16,0
92_3UP1,0.23,0
93_3UP1,0.13,1
94_3UP1,0.09,1
95_3UP1,0.03,1
96_3UP1,0.1,0
97_3UP1,0.09,0
98_3UP1,0.04,1
99_3UP1,0.02,0
100_3UP1,0.1,1
101_3UP1,0.16,0
102_3UP1,0.35,0
103_3UP1,0.22,0
104_3UP1,0.59,0
105_3UP1,0.79,0
106_3UP1,0.66,0
107_3UP1,0.0,0
108_3UP1,0.33,0
109_3UP1,0.0,0
110_3UP1,0.76,0
111_3UP1,0.8,0
112_3UP1,0.0,0
113_3UP1,0.87,0
114_3UP1,0.74,0
115_3UP1,0.85,0
116_3UP1,0.71,0
117_3UP1,0.0,0
118_3UP1,0.44,0
119_3UP1,0.57,0
120_3UP1,0.51,0
121_3UP1,0.53,0
122_3UP1,0.58,0
123_3UP1,0.29,0
124_3UP1,0.32,0
125_3UP1,0.32,0
126_3UP1,0.0,0
127_3UP1,0.36,0
128_3UP1,0.0,0
129_3UP1,0.41,0
130_3UP1,0.0,0
131_3UP1,0.63,0
132_3UP1,0.56,0
133_3UP1,0.72,0
134_3UP1,0.57,0
135_3UP1,0.6,0
136_3UP1,0.62,0
137_3UP1,0.62,0
138_3UP1,0.81,0
139_3UP1,0.82,0
140_3UP1,0.0,0
141_3UP1,0.86,0
142_3UP1,0.82,0
143_3UP1,0.0,0
144_3UP1,0.9,0
145_3UP1,0.0,0
146_3UP1,0.99,0
147_3UP1,0.0,0
148_3UP1,0.0,0
149_3UP1,0.69,0
150_3UP1,0.53,0
151_3UP1,0.64,0
152_3UP1,0.78,0
153_3UP1,0.68,0
154_3UP1,0.7,0
155_3UP1,0.74,0
156_3UP1,0.69,0
157_3UP1,0.84,0
158_3UP1,0.93,0
159_3UP1,0.75,0
160_3UP1,0.88,0
161_3UP1,0.68,0
162_3UP1,0.85,0
163_3UP1,0.79,0
164_3UP1,0.77,0
165_3UP1,0.61,0
166_3UP1,0.51,0
167_3UP1,0.48,0
168_3UP1,0.46,0
169_3UP1,0.37,0
170_3UP1,0.3,0
171_3UP1,0.24,0
172_3UP1,0.35,0
173_3UP1,0.34,0
174_3UP1,0.39,0
175_3UP1,0.47,0
176_3UP1,0.49,0
177_3UP1,0.33,0
178_3UP1,0.45,0
179_3UP1,0.67,0
180_3UP1,0.71,0
181_3UP1,0.41,0
182_3UP1,0.94,0
183_3UP1,0.0,0
184_3UP1,0.77,0
185_3UP1,0.0,0
186_3UP1,0.95,0
187_3UP1,0.0,0
188_3UP1,0.97,0
189_3UP1,0.0,0
190_3UP1,0.94,0
191_3UP1,0.97,0
192_3UP1,0.95,0
193_3UP1,0.89,0
194_3UP1,0.89,0
195_3UP1,0.92,0
196_3UP1,1.0,0
197_3UP1,0.98,0
198_3UP1,0.0,0
199_3UP1,0.98,0
200_3UP1,1.0,0
201_3UP1,0.0,0
202_3UP1,0.96,0
203_3UP1,0.91,0
204_3UP1,0.91,0
205_3UP1,0.88,0
206_3UP1,0.65,0
207_3UP1,0.65,0
208_3UP1,0.0,0
209_3UP1,0.54,0
210_3UP1,0.45,0
211_3UP1,0.52,0
212_3UP1,0.83,0
2_1WG3,0.96,0
3_1WG3,0.97,0
4_1WG3,0.96,0
5_1WG3,0.94,0
6_1WG3,0.94,0
7_1WG3,0.93,0
8_1WG3,0.92,0
9_1WG3,0.81,0
10_1WG3,0.78,0
11_1WG3,0.63,0
12_1WG3,0.37,0
13_1WG3,0.18,0
14_1WG3,0.04,0
15_1WG3,0.06,0
16_1WG3,0.03,0
17_1WG3,0.02,1
18_1WG3,0.02,1
19_1WG3,0.11,1
20_1WG3,0.14,1
21_1WG3,0.08,1
22_1WG3,0.09,1
23_1WG3,0.18,1
24_1WG3,0.3,1
25_1WG3,0.17,0
26_1WG3,0.36,0
27_1WG3,0.26,1
28_1WG3,0.3,1
29_1WG3,0.01,0
30_1WG3,0.28,1
31_1WG3,0.0,0
32_1WG3,0.1,1
33_1WG3,0.0,0
34_1WG3,0.12,0
35_1WG3,0.14,1
36_1WG3,0.28,0
37_1WG3,0.0,0
38_1WG3,0.52,0
39_1WG3,0.77,0
40_1WG3,0.82,0
41_1WG3,0.0,0
42_1WG3,0.88,0
43_1WG3,0.86,0
44_1WG3,0.74,0
45_1WG3,0.0,0
46_1WG3,0.62,0
47_1WG3,0.0,0
48_1WG3,0.43,0
49_1WG3,0.0,0
50_1WG3,0.47,0
51_1WG3,0.27,0
52_1WG3,0.54,0
53_1WG3,0.56,0
54_1WG3,0.67,0
55_1WG3,0.78,0
56_1WG3,0.85,0
57_1WG3,0.86,0
58_1WG3,0.8,0
59_1WG3,0.0,0
60_1WG3,0.74,0
61_1WG3,0.68,0
62_1WG3,0.64,0
63_1WG3,0.56,0
64_1WG3,0.0,0
65_1WG3,0.44,0
66_1WG3,0.62,0
67_1WG3,0.6,1
68_1WG3,0.55,1
69_1WG3,0.53,1
70_1WG3,0.54,1
71_1WG3,0.44,0
72_1WG3,0.35,0
73_1WG3,0.38,1
74_1WG3,0.32,0
75_1WG3,0.19,0
76_1WG3,0.13,0
77_1WG3,0.25,1
78_1WG3,0.32,1
79_1WG3,0.38,1
80_1WG3,0.42,1
81_1WG3,0.0,0
82_1WG3,0.49,1
83_1WG3,0.0,0
84_1WG3,0.4,0
85_1WG3,0.34,0
86_1WG3,0.0,0
87_1WG3,0.58,0
88_1WG3,0.58,0
89_1WG3,0.76,0
90_1WG3,0.75,0
91_1WG3,0.0,0
92_1WG3,0.69,0
93_1WG3,0.79,0
94_1WG3,0.84,0
95_1WG3,0.7,0
96_1WG3,0.6,0
97_1WG3,0.5,0
98_1WG3,0.39,0
99_1WG3,0.22,0
100_1WG3,0.46,0
101_1WG3,0.2,0
102_1WG3,0.15,0
103_1WG3,0.24,0
104_1WG3,0.33,0
105_1WG3,0.41,0
106_1WG3,0.0,0
107_1WG3,0.66,0
108_1WG3,0.0,0
109_1WG3,0.89,0
110_1WG3,0.84,0
111_1WG3,0.88,0
112_1WG3,0.82,0
113_1WG3,0.8,0
114_1WG3,0.51,0
115_1WG3,0.36,0
116_1WG3,0.26,0
117_1WG3,0.22,0
118_1WG3,0.16,0
119_1WG3,0.23,0
120_1WG3,0.06,0
121_1WG3,0.1,0
122_1WG3,0.2,0
123_1WG3,0.34,0
124_1WG3,0.45,0
125_1WG3,0.48,0
126_1WG3,0.59,0
127_1WG3,0.68,0
128_1WG3,0.72,0
129_1WG3,0.64,0
130_1WG3,0.57,0
131_1WG3,0.73,0
132_1WG3,0.72,0
133_1WG3,0.65,0
134_1WG3,0.71,0
135_1WG3,0.76,0
136_1WG3,0.7,0
137_1WG3,0.61,0
138_1WG3,0.5,0
139_1WG3,0.52,0
140_1WG3,0.42,0
141_1WG3,0.48,0
142_1WG3,0.4,0
143_1WG3,0.24,0
144_1WG3,0.21,0
145_1WG3,0.05,0
146_1WG3,0.0,0
147_1WG3,0.04,0
148_1WG3,0.07,0
149_1WG3,0.08,0
150_1WG3,0.12,0
151_1WG3,0.16,0
152_1WG3,0.29,0
153_1WG3,0.31,0
154_1WG3,0.46,0
155_1WG3,0.66,0
156_1WG3,0.83,0
157_1WG3,0.87,0
158_1WG3,0.9,0
159_1WG3,0.91,0
160_1WG3,0.9,0
161_1WG3,0.92,0
162_1WG3,0.95,0
163_1WG3,0.98,0
164_1WG3,0.98,0
165_1WG3,0.99,0
166_1WG3,1.0,0
167_1WG3,1.0,0
0_3K2O,1.0,0
2_3K2O,1.0,0
3_3K2O,1.0,0
4_3K2O,0.99,0
5_3K2O,0.99,0
6_3K2O,0.86,0
7_3K2O,0.95,0
8_3K2O,0.9,0
9_3K2O,0.63,0
10_3K2O,0.64,0
11_3K2O,0.66,0
12_3K2O,0.55,0
13_3K2O,0.43,0
14_3K2O,0.62,0
15_3K2O,0.48,0
16_3K2O,0.29,0
17_3K2O,0.33,0
18_3K2O,0.39,0
19_3K2O,0.47,0
20_3K2O,0.0,0
21_3K2O,0.51,0
22_3K2O,0.51,0
23_3K2O,0.57,0
24_3K2O,0.65,0
25_3K2O,0.53,0
26_3K2O,0.39,0
27_3K2O,0.69,0
28_3K2O,0.72,0
29_3K2O,0.74,0
30_3K2O,0.68,0
31_3K2O,0.61,0
32_3K2O,0.6,0
33_3K2O,0.58,0
34_3K2O,0.62,0
35_3K2O,0.52,0
36_3K2O,0.34,0
37_3K2O,0.27,0
38_3K2O,0.15,0
39_3K2O,0.02,0
40_3K2O,0.01,0
41_3K2O,0.08,0
42_3K2O,0.07,0
43_3K2O,0.08,0
44_3K2O,0.01,0
45_3K2O,0.22,0
46_3K2O,0.0,0
47_3K2O,0.02,0
48_3K2O,0.02,0
49_3K2O,0.04,0
50_3K2O,0.09,0
51_3K2O,0.06,0
52_3K2O,0.1,0
53_3K2O,0.08,1
54_3K2O,0.06,0
55_3K2O,0.05,1
56_3K2O,0.05,0
57_3K2O,0.11,1
58_3K2O,0.13,1
59_3K2O,0.03,0
60_3K2O,0.12,0
61_3K2O,0.16,1
62_3K2O,0.13,1
63_3K2O,0.05,0
64_3K2O,0.07,0
65_3K2O,0.18,1
66_3K2O,0.28,0
67_3K2O,0.36,0
68_3K2O,0.18,0
69_3K2O,0.12,0
70_3K2O,0.0,0
71_3K2O,0.0,0
72_3K2O,0.04,0
73_3K2O,0.14,0
74_3K2O,0.15,0
75_3K2O,0.16,0
76_3K2O,0.26,0
77_3K2O,0.25,0
78_3K2O,0.35,0
79_3K2O,0.46,0
80_3K2O,0.63,0
81_3K2O,0.0,0
82_3K2O,0.57,0
83_3K2O,0.67,0
84_3K2O,0.78,0
85_3K2O,0.0,0
86_3K2O,0.7,0
87_3K2O,0.78,0
88_3K2O,0.91,0
89_3K2O,0.92,0
90_3K2O,0.85,0
91_3K2O,0.94,0
92_3K2O,0.95,0
93_3K2O,0.96,0
94_3K2O,0.94,0
95_3K2O,0.97,0
96_3K2O,0.97,0
97_3K2O,0.9,0
98_3K2O,0.74,0
99_3K2O,0.74,0
100_3K2O,0.46,0
101_3K2O,0.23,0
102_3K2O,0.32,0
103_3K2O,0.34,0
104_3K2O,0.28,0
105_3K2O,0.36,0
106_3K2O,0.41,0
107_3K2O,0.37,0
108_3K2O,0.43,0
109_3K2O,0.47,0
110_3K2O,0.38,0
111_3K2O,0.53,0
113_3K2O,0.89,0
115_3K2O,0.98,0
116_3K2O,0.93,0
117_3K2O,0.71,0
118_3K2O,0.93,0
119_3K2O,0.98,0
120_3K2O,0.66,0
122_3K2O,0.82,0
123_3K2O,0.95,0
124_3K2O,0.89,0
125_3K2O,0.66,0
126_3K2O,0.54,0
127_3K2O,0.5,0
128_3K2O,0.5,0
129_3K2O,0.0,0
130_3K2O,0.3,0
131_3K2O,0.26,0
132_3K2O,0.29,0
133_3K2O,0.3,0
134_3K2O,0.44,0
135_3K2O,0.56,0
136_3K2O,0.68,0
137_3K2O,0.0,0
138_3K2O,0.0,0
139_3K2O,0.91,0
140_3K2O,0.96,0
141_3K2O,0.99,0
142_3K2O,0.98,0
143_3K2O,0.8,0
144_3K2O,0.91,0
145_3K2O,0.97,0
146_3K2O,0.79,0
147_3K2O,0.71,0
148_3K2O,0.75,0
149_3K2O,0.67,0
150_3K2O,0.37,0
151_3K2O,0.31,0
152_3K2O,0.17,0
153_3K2O,0.12,0
154_3K2O,0.1,0
155_3K2O,0.0,0
156_3K2O,0.06,0
157_3K2O,0.09,0
158_3K2O,0.17,1
159_3K2O,0.18,0
160_3K2O,0.31,0
161_3K2O,0.38,0
162_3K2O,0.37,0
163_3K2O,0.44,0
164_3K2O,0.67,0
165_3K2O,0.6,0
166_3K2O,0.64,0
167_3K2O,0.7,0
168_3K2O,0.69,0
169_3K2O,0.61,0
170_3K2O,0.6,0
171_3K2O,0.48,0
172_3K2O,0.4,0
173_3K2O,0.38,0
174_3K2O,0.41,0
175_3K2O,0.48,0
176_3K2O,0.31,0
178_3K2O,0.32,0
179_3K2O,0.39,0
180_3K2O,0.35,0
181_3K2O,0.4,0
182_3K2O,0.0,0
183_3K2O,0.26,0
184_3K2O,0.27,0
185_3K2O,0.53,0
186_3K2O,0.58,0
187_3K2O,0.58,0
188_3K2O,0.5,0
189_3K2O,0.28,0
190_3K2O,0.42,0
191_3K2O,0.51,0
192_3K2O,0.43,0
193_3K2O,0.22,0
194_3K2O,0.19,0
195_3K2O,0.16,0
196_3K2O,0.14,0
197_3K2O,0.17,0
198_3K2O,0.0,0
199_3K2O,0.0,0
200_3K2O,0.29,0
201_3K2O,0.36,0
202_3K2O,0.2,0
203_3K2O,0.14,0
204_3K2O,0.11,0
205_3K2O,0.07,0
206_3K2O,0.0,0
207_3K2O,0.0,0
208_3K2O,0.0,0
209_3K2O,0.45,0
210_3K2O,0.59,0
211_3K2O,0.73,0
212_3K2O,0.87,0
213_3K2O,0.0,0
214_3K2O,0.86,0
215_3K2O,0.81,0
216_3K2O,0.88,0
217_3K2O,0.83,0
218_3K2O,0.0,0
219_3K2O,0.82,0
220_3K2O,0.72,0
221_3K2O,0.83,0
222_3K2O,0.85,0
223_3K2O,0.84,0
224_3K2O,0.84,0
225_3K2O,0.79,0
226_3K2O,0.77,0
227_3K2O,0.71,0
228_3K2O,0.64,0
229_3K2O,0.57,0
230_3K2O,0.52,0
231_3K2O,0.49,0
232_3K2O,0.0,0
233_3K2O,0.56,0
234_3K2O,0.69,0
235_3K2O,0.0,0
236_3K2O,0.0,0
237_3K2O,0.75,0
238_3K2O,0.78,0
239_3K2O,0.0,0
240_3K2O,0.49,0
241_3K2O,0.62,0
242_3K2O,0.79,0
243_3K2O,0.0,0
244_3K2O,0.45,0
245_3K2O,0.72,0
246_3K2O,0.77,0
247_3K2O,0.83,0
248_3K2O,0.86,0
249_3K2O,0.89,0
250_3K2O,0.76,0
251_3K2O,0.8,0
252_3K2O,0.77,0
253_3K2O,0.45,0
254_3K2O,0.0,0
255_3K2O,0.33,0
256_3K2O,0.15,0
257_3K2O,0.03,0
258_3K2O,0.01,0
259_3K2O,0.0,0
260_3K2O,0.04,0
261_3K2O,0.2,0
262_3K2O,0.21,0
263_3K2O,0.11,0
264_3K2O,0.1,0
265_3K2O,0.03,0
266_3K2O,0.0,0
267_3K2O,0.13,0
268_3K2O,0.0,0
269_3K2O,0.41,0
270_3K2O,0.52,0
271_3K2O,0.46,0
272_3K2O,0.35,0
273_3K2O,0.21,0
274_3K2O,0.0,0
275_3K2O,0.19,0
276_3K2O,0.0,0
277_3K2O,0.0,0
278_3K2O,0.2,0
279_3K2O,0.19,0
280_3K2O,0.34,0
281_3K2O,0.0,0
282_3K2O,0.3,0
283_3K2O,0.24,0
284_3K2O,0.0,0
285_3K2O,0.25,0
286_3K2O,0.24,0
287_3K2O,0.24,0
288_3K2O,0.23,0
289_3K2O,0.0,0
290_3K2O,0.22,0
291_3K2O,0.23,1
292_3K2O,0.21,0
293_3K2O,0.27,0
294_3K2O,0.47,0
295_3K2O,0.56,0
296_3K2O,0.54,0
297_3K2O,0.0,0
298_3K2O,0.55,0
299_3K2O,0.81,0
300_3K2O,0.82,0
301_3K2O,0.0,0
302_3K2O,0.8,0
303_3K2O,0.93,0
304_3K2O,0.92,0
305_3K2O,0.85,0
306_3K2O,0.9,0
307_3K2O,0.88,0
308_3K2O,0.68,0
309_3K2O,0.49,0
310_3K2O,0.84,0
311_3K2O,0.73,0
312_3K2O,0.0,0
313_3K2O,0.88,0
314_3K2O,0.76,0
315_3K2O,0.63,0
316_3K2O,0.4,0
317_3K2O,0.65,0
318_3K2O,0.55,0
319_3K2O,0.44,1
320_3K2O,0.33,1
321_3K2O,0.59,0
322_3K2O,0.54,1
323_3K2O,0.32,1
324_3K2O,0.76,0
325_3K2O,0.7,0
326_3K2O,0.42,0
327_3K2O,0.73,0
328_3K2O,0.87,0
329_3K2O,0.65,0
330_3K2O,0.61,0
331_3K2O,0.87,0
332_3K2O,0.94,0
59_7L6K,0.02,0
60_7L6K,0.04,0
61_7L6K,0.11,0
62_7L6K,0.14,0
63_7L6K,0.18,0
64_7L6K,0.19,0
65_7L6K,0.3,0
66_7L6K,0.24,0
67_7L6K,0.0,0
68_7L6K,0.35,0
69_7L6K,0.44,0
70_7L6K,0.31,0
71_7L6K,0.0,0
72_7L6K,0.5,0
73_7L6K,0.42,0
74_7L6K,0.28,0
75_7L6K,0.0,0
76_7L6K,0.58,0
77_7L6K,0.34,0
78_7L6K,0.27,0
79_7L6K,0.29,0
80_7L6K,0.36,0
81_7L6K,0.63,0
82_7L6K,0.7,0
83_7L6K,0.66,0
84_7L6K,0.0,0
85_7L6K,0.78,0
86_7L6K,0.74,0
87_7L6K,0.52,0
88_7L6K,0.65,0
89_7L6K,0.83,0
90_7L6K,0.72,0
91_7L6K,0.62,0
92_7L6K,0.69,0
93_7L6K,0.64,0
94_7L6K,0.49,0
95_7L6K,0.55,0
96_7L6K,0.56,0
97_7L6K,0.0,0
98_7L6K,0.45,0
99_7L6K,0.46,0
100_7L6K,0.47,0
101_7L6K,0.0,0
102_7L6K,0.23,0
103_7L6K,0.0,0
104_7L6K,0.25,0
105_7L6K,0.41,0
106_7L6K,0.43,0
107_7L6K,0.0,0
108_7L6K,0.38,0
109_7L6K,0.61,0
110_7L6K,0.68,0
111_7L6K,0.0,0
112_7L6K,0.57,0
113_7L6K,0.75,0
114_7L6K,0.73,0
115_7L6K,0.0,0
116_7L6K,0.8,0
117_7L6K,0.93,0
118_7L6K,0.71,0
119_7L6K,0.79,0
120_7L6K,0.97,0
121_7L6K,1.0,0
122_7L6K,0.88,0
123_7L6K,0.98,0
124_7L6K,0.99,1
125_7L6K,0.95,1
126_7L6K,0.87,0
127_7L6K,0.91,1
128_7L6K,0.81,1
129_7L6K,0.86,0
130_7L6K,0.92,1
131_7L6K,0.9,0
132_7L6K,0.82,1
133_7L6K,0.89,1
134_7L6K,0.77,0
135_7L6K,0.59,0
136_7L6K,0.67,0
137_7L6K,0.85,1
138_7L6K,0.94,0
139_7L6K,0.84,0
140_7L6K,0.96,0
141_7L6K,0.76,0
142_7L6K,0.39,0
143_7L6K,0.6,0
144_7L6K,0.76,0
145_7L6K,0.48,0
146_7L6K,0.32,0
147_7L6K,0.53,0
148_7L6K,0.51,0
149_7L6K,0.54,0
150_7L6K,0.4,0
151_7L6K,0.26,0
152_7L6K,0.37,0
153_7L6K,0.33,0
154_7L6K,0.26,0
155_7L6K,0.0,0
156_7L6K,0.22,0
157_7L6K,0.2,0
158_7L6K,0.21,0
159_7L6K,0.13,0
160_7L6K,0.1,0
161_7L6K,0.17,0
162_7L6K,0.0,0
163_7L6K,0.09,0
164_7L6K,0.12,0
165_7L6K,0.15,0
166_7L6K,0.16,0
167_7L6K,0.05,0
168_7L6K,0.03,0
169_7L6K,0.07,0
170_7L6K,0.01,0
171_7L6K,0.06,0
172_7L6K,0.08,0
8_5DHV,0.24,0
9_5DHV,0.33,0
10_5DHV,0.45,0
11_5DHV,0.43,1
12_5DHV,0.49,0
13_5DHV,0.42,0
14_5DHV,0.52,1
15_5DHV,0.0,1
16_5DHV,0.66,0
17_5DHV,0.36,0
18_5DHV,0.51,1
19_5DHV,0.7,0
20_5DHV,0.8,0
21_5DHV,0.77,1
22_5DHV,0.79,1
23_5DHV,0.94,0
24_5DHV,0.54,0
25_5DHV,0.28,0
26_5DHV,0.21,0
27_5DHV,0.19,0
28_5DHV,0.31,0
29_5DHV,0.08,0
30_5DHV,0.05,0
31_5DHV,0.12,0
32_5DHV,0.01,0
33_5DHV,0.03,0
34_5DHV,0.14,0
35_5DHV,0.61,0
36_5DHV,0.63,0
37_5DHV,0.1,0
38_5DHV,0.15,0
39_5DHV,0.96,0
40_5DHV,0.56,0
41_5DHV,0.07,0
42_5DHV,0.87,0
43_5DHV,0.91,0
44_5DHV,0.26,0
45_5DHV,0.17,0
46_5DHV,0.89,0
47_5DHV,0.84,0
48_5DHV,0.38,1
49_5DHV,0.82,0
50_5DHV,1.0,0
51_5DHV,0.75,1
52_5DHV,0.47,0
53_5DHV,0.98,0
54_5DHV,0.93,0
55_5DHV,0.73,1
56_5DHV,0.59,0
57_5DHV,0.86,0
58_5DHV,0.68,1
59_5DHV,0.4,1
60_5DHV,0.65,0
61_5DHV,0.72,0
62_5DHV,0.35,1
63_5DHV,0.29,1
64_5DHV,0.22,0
65_5DHV,0.58,0
1_5H35,0.99,1
2_5H35,0.98,1
3_5H35,0.95,0
4_5H35,0.93,0
5_5H35,0.88,1
6_5H35,0.75,1
7_5H35,0.77,0
8_5H35,0.63,0
9_5H35,0.65,1
10_5H35,0.64,0
11_5H35,0.69,0
12_5H35,0.0,0
13_5H35,0.0,0
14_5H35,0.57,0
15_5H35,0.52,0
16_5H35,0.0,0
17_5H35,0.0,0
18_5H35,0.73,0
19_5H35,0.0,0
20_5H35,0.0,0
21_5H35,0.0,0
22_5H35,0.0,0
23_5H35,0.34,0
24_5H35,0.0,0
25_5H35,0.59,0
26_5H35,0.57,0
27_5H35,0.28,0
28_5H35,0.42,0
29_5H35,0.32,0
30_5H35,0.51,0
31_5H35,0.61,0
32_5H35,0.54,0
33_5H35,0.3,0
34_5H35,0.0,0
35_5H35,0.6,0
36_5H35,0.32,0
37_5H35,0.21,0
38_5H35,0.0,0
39_5H35,0.3,0
40_5H35,0.15,0
41_5H35,0.0,0
42_5H35,0.0,0
43_5H35,0.33,0
44_5H35,0.0,0
45_5H35,0.0,0
46_5H35,0.35,0
47_5H35,0.13,0
48_5H35,0.13,0
49_5H35,0.28,0
50_5H35,0.25,0
51_5H35,0.12,0
52_5H35,0.16,0
53_5H35,0.26,0
54_5H35,0.23,0
55_5H35,0.22,1
56_5H35,0.19,0
57_5H35,0.17,1
58_5H35,0.18,0
59_5H35,0.41,1
60_5H35,0.39,0
61_5H35,0.23,0
62_5H35,0.25,1
63_5H35,0.37,0
64_5H35,0.38,0
65_5H35,0.5,0
66_5H35,0.48,0
67_5H35,0.36,0
68_5H35,0.46,0
69_5H35,0.55,0
70_5H35,0.0,0
71_5H35,0.51,0
72_5H35,0.67,0
73_5H35,0.65,0
74_5H35,0.0,0
75_5H35,0.74,0
76_5H35,0.81,0
77_5H35,0.73,0
78_5H35,0.67,0
79_5H35,0.84,0
80_5H35,0.89,0
81_5H35,0.76,0
82_5H35,0.82,0
83_5H35,0.9,0
84_5H35,0.88,0
85_5H35,0.87,0
86_5H35,0.82,0
87_5H35,0.78,0
88_5H35,0.83,0
89_5H35,0.68,0
90_5H35,0.55,0
91_5H35,0.75,0
92_5H35,0.79,0
93_5H35,0.47,0
94_5H35,0.4,0
95_5H35,0.56,0
96_5H35,0.62,0
97_5H35,0.0,0
98_5H35,0.0,0
99_5H35,0.46,0
100_5H35,0.0,0
101_5H35,0.0,0
102_5H35,0.0,0
103_5H35,0.0,0
104_5H35,0.48,0
105_5H35,0.0,0
106_5H35,0.0,0
107_5H35,0.71,1
108_5H35,0.0,0
109_5H35,0.0,0
110_5H35,0.84,1
111_5H35,0.53,1
112_5H35,0.0,0
113_5H35,0.86,1
114_5H35,0.78,1
115_5H35,0.36,1
116_5H35,0.59,0
117_5H35,0.49,0
118_5H35,0.66,0
119_5H35,0.72,0
120_5H35,0.53,0
121_5H35,0.38,0
122_5H35,0.0,0
123_5H35,0.0,0
124_5H35,0.26,0
125_5H35,0.29,0
126_5H35,0.0,0
127_5H35,0.15,0
128_5H35,0.11,0
129_5H35,0.2,0
130_5H35,0.0,0
131_5H35,0.1,0
132_5H35,0.07,0
133_5H35,0.0,0
134_5H35,0.21,0
135_5H35,0.04,0
136_5H35,0.06,0
137_5H35,0.0,0
138_5H35,0.0,0
139_5H35,0.02,0
140_5H35,0.07,0
141_5H35,0.09,0
142_5H35,0.05,0
143_5H35,0.03,0
144_5H35,0.01,0
145_5H35,0.03,0
146_5H35,0.11,0
147_5H35,0.05,0
148_5H35,0.01,0
149_5H35,0.08,0
150_5H35,0.19,0
151_5H35,0.14,0
152_5H35,0.24,0
153_5H35,0.0,0
154_5H35,0.09,0
155_5H35,0.17,0
156_5H35,0.0,0
157_5H35,0.0,0
158_5H35,0.27,0
159_5H35,0.44,0
160_5H35,0.0,0
161_5H35,0.0,0
162_5H35,0.76,0
163_5H35,0.86,0
164_5H35,0.8,1
165_5H35,0.85,0
166_5H35,0.94,0
167_5H35,0.92,0
168_5H35,0.92,1
169_5H35,0.98,1
170_5H35,1.0,0
171_5H35,1.0,0
172_5H35,0.97,1
173_5H35,0.96,1
174_5H35,0.96,0
175_5H35,0.0,0
176_5H35,0.0,1
177_5H35,0.94,0
178_5H35,0.91,0
179_5H35,0.0,0
180_5H35,0.9,0
181_5H35,0.8,0
182_5H35,0.61,0
183_5H35,0.0,0
184_5H35,0.58,0
185_5H35,0.5,0
186_5H35,0.31,0
187_5H35,0.0,0
188_5H35,0.45,0
189_5H35,0.43,0
190_5H35,0.34,0
191_5H35,0.44,0
192_5H35,0.69,0
193_5H35,0.42,0
194_5H35,0.4,0
195_5H35,0.7,0
196_5H35,0.71,0
197_5H35,0.63,0
5_4KUC,0.24,0
6_4KUC,0.19,0
7_4KUC,0.18,0
8_4KUC,0.28,0
9_4KUC,0.39,0
10_4KUC,0.56,0
11_4KUC,0.69,0
12_4KUC,0.76,0
13_4KUC,0.0,0
14_4KUC,0.84,0
15_4KUC,0.93,0
16_4KUC,0.0,0
17_4KUC,0.96,0
18_4KUC,0.99,0
19_4KUC,0.97,0
20_4KUC,0.93,0
21_4KUC,0.0,0
22_4KUC,0.89,0
23_4KUC,0.81,0
24_4KUC,0.0,0
25_4KUC,0.0,0
26_4KUC,0.64,0
27_4KUC,0.52,0
28_4KUC,0.0,0
29_4KUC,0.33,0
30_4KUC,0.34,0
31_4KUC,0.21,0
32_4KUC,0.0,0
33_4KUC,0.23,0
34_4KUC,0.14,0
35_4KUC,0.05,0
36_4KUC,0.07,0
37_4KUC,0.13,0
38_4KUC,0.22,0
39_4KUC,0.2,0
40_4KUC,0.38,0
41_4KUC,0.42,0
42_4KUC,0.0,0
43_4KUC,0.29,0
44_4KUC,0.0,0
45_4KUC,0.0,0
46_4KUC,0.06,0
47_4KUC,0.05,0
48_4KUC,0.17,0
49_4KUC,0.09,0
50_4KUC,0.12,0
51_4KUC,0.15,0
52_4KUC,0.18,0
53_4KUC,0.25,1
54_4KUC,0.27,0
55_4KUC,0.08,0
56_4KUC,0.09,0
57_4KUC,0.0,0
58_4KUC,0.0,0
59_4KUC,0.21,0
60_4KUC,0.0,0
61_4KUC,0.47,0
62_4KUC,0.0,0
63_4KUC,0.66,0
64_4KUC,0.0,0
65_4KUC,0.85,0
66_4KUC,0.82,0
67_4KUC,0.75,0
68_4KUC,0.73,0
69_4KUC,0.68,0
70_4KUC,0.0,0
71_4KUC,0.54,0
72_4KUC,0.0,0
73_4KUC,0.0,0
74_4KUC,0.0,0
75_4KUC,0.11,0
76_4KUC,0.07,0
77_4KUC,0.04,0
78_4KUC,0.02,0
79_4KUC,0.0,0
80_4KUC,0.04,0
81_4KUC,0.16,0
82_4KUC,0.28,0
83_4KUC,0.34,0
84_4KUC,0.0,0
85_4KUC,0.59,0
86_4KUC,0.0,0
87_4KUC,0.78,0
88_4KUC,0.74,0
89_4KUC,0.75,0
90_4KUC,0.0,0
91_4KUC,0.58,0
92_4KUC,0.45,1
93_4KUC,0.2,0
94_4KUC,0.45,0
95_4KUC,0.43,0
96_4KUC,0.44,0
97_4KUC,0.51,0
98_4KUC,0.55,1
99_4KUC,0.35,1
100_4KUC,0.29,0
101_4KUC,0.48,1
102_4KUC,0.49,1
103_4KUC,0.3,0
104_4KUC,0.4,0
105_4KUC,0.55,1
106_4KUC,0.47,1
107_4KUC,0.0,0
108_4KUC,0.4,0
109_4KUC,0.58,1
110_4KUC,0.6,0
111_4KUC,0.0,0
112_4KUC,0.69,1
113_4KUC,0.77,1
114_4KUC,0.64,1
115_4KUC,0.77,0
116_4KUC,0.56,1
117_4KUC,0.63,0
118_4KUC,0.61,0
119_4KUC,0.59,0
120_4KUC,0.36,0
121_4KUC,0.31,0
122_4KUC,0.35,0
123_4KUC,0.37,0
124_4KUC,0.46,0
125_4KUC,0.61,0
126_4KUC,0.0,0
127_4KUC,0.41,0
128_4KUC,0.72,0
129_4KUC,0.65,0
130_4KUC,0.0,0
131_4KUC,0.74,0
132_4KUC,0.71,0
133_4KUC,0.53,0
134_4KUC,0.37,0
135_4KUC,0.57,0
136_4KUC,0.67,0
137_4KUC,0.0,0
138_4KUC,0.82,0
139_4KUC,0.0,0
140_4KUC,0.0,0
141_4KUC,0.94,0
142_4KUC,0.9,0
143_4KUC,0.0,0
144_4KUC,0.73,0
145_4KUC,0.79,0
146_4KUC,0.85,0
147_4KUC,0.0,0
148_4KUC,0.0,0
149_4KUC,0.86,0
150_4KUC,0.86,0
151_4KUC,0.0,0
152_4KUC,0.78,0
153_4KUC,0.88,0
154_4KUC,0.83,0
155_4KUC,0.81,0
156_4KUC,0.88,0
157_4KUC,0.91,0
158_4KUC,0.94,0
159_4KUC,0.0,0
160_4KUC,0.92,0
161_4KUC,0.87,0
162_4KUC,0.87,0
163_4KUC,0.83,0
164_4KUC,0.0,0
165_4KUC,0.0,0
166_4KUC,0.62,0
167_4KUC,0.0,0
168_4KUC,0.41,0
169_4KUC,0.0,0
170_4KUC,0.63,0
171_4KUC,0.42,0
172_4KUC,0.0,0
173_4KUC,0.0,0
174_4KUC,0.0,0
175_4KUC,0.0,0
176_4KUC,0.0,0
177_4KUC,0.0,0
178_4KUC,0.0,0
179_4KUC,0.0,0
180_4KUC,0.14,0
181_4KUC,0.0,0
182_4KUC,0.8,0
183_4KUC,0.8,0
184_4KUC,0.0,0
185_4KUC,0.84,0
186_4KUC,0.96,0
187_4KUC,0.92,0
188_4KUC,0.0,0
189_4KUC,0.98,0
190_4KUC,1.0,0
191_4KUC,0.95,0
192_4KUC,0.95,0
193_4KUC,0.99,0
194_4KUC,1.0,0
195_4KUC,0.97,0
196_4KUC,0.98,0
197_4KUC,0.91,0
198_4KUC,0.89,0
199_4KUC,0.76,0
200_4KUC,0.0,0
201_4KUC,0.67,0
202_4KUC,0.49,0
203_4KUC,0.71,0
204_4KUC,0.0,0
205_4KUC,0.32,0
206_4KUC,0.39,0
207_4KUC,0.66,0
208_4KUC,0.0,0
209_4KUC,0.26,0
210_4KUC,0.19,0
211_4KUC,0.43,0
212_4KUC,0.06,0
213_4KUC,0.1,0
214_4KUC,0.0,0
215_4KUC,0.0,0
216_4KUC,0.11,0
217_4KUC,0.17,0
218_4KUC,0.0,0
219_4KUC,0.0,0
220_4KUC,0.16,0
221_4KUC,0.0,0
222_4KUC,0.22,0
223_4KUC,0.27,0
224_4KUC,0.33,0
225_4KUC,0.32,0
226_4KUC,0.0,0
227_4KUC,0.24,0
228_4KUC,0.25,0
229_4KUC,0.31,0
230_4KUC,0.26,0
231_4KUC,0.36,0
232_4KUC,0.23,0
233_4KUC,0.48,0
234_4KUC,0.68,0
235_4KUC,0.79,0
236_4KUC,0.6,0
237_4KUC,0.46,0
238_4KUC,0.53,0
239_4KUC,0.38,0
240_4KUC,0.52,0
241_4KUC,0.51,0
242_4KUC,0.0,0
243_4KUC,0.57,0
244_4KUC,0.44,0
245_4KUC,0.12,0
246_4KUC,0.54,0
247_4KUC,0.65,0
248_4KUC,0.0,0
249_4KUC,0.62,0
250_4KUC,0.72,0
251_4KUC,0.7,0
252_4KUC,0.0,0
253_4KUC,0.5,0
254_4KUC,0.0,0
255_4KUC,0.0,0
256_4KUC,0.03,0
257_4KUC,0.03,0
258_4KUC,0.01,0
259_4KUC,0.01,0
260_4KUC,0.02,0
261_4KUC,0.08,0
262_4KUC,0.13,0
263_4KUC,0.15,0
44_4CMH,0.97,0
45_4CMH,0.98,0
46_4CMH,0.92,0
47_4CMH,0.86,0
48_4CMH,0.8,0
49_4CMH,0.78,0
50_4CMH,0.62,0
51_4CMH,0.4,0
52_4CMH,0.45,0
53_4CMH,0.52,0
54_4CMH,0.51,0
55_4CMH,0.0,0
56_4CMH,0.51,0
57_4CMH,0.63,0
58_4CMH,0.66,0
59_4CMH,0.0,0
60_4CMH,0.79,0
61_4CMH,0.62,0
62_4CMH,0.55,0
63_4CMH,0.0,0
64_4CMH,0.63,0
65_4CMH,0.56,0
66_4CMH,0.54,0
67_4CMH,0.0,0
68_4CMH,0.65,0
69_4CMH,0.56,0
70_4CMH,0.0,0
71_4CMH,0.64,0
72_4CMH,0.68,0
73_4CMH,0.57,0
74_4CMH,0.58,0
75_4CMH,0.69,1
76_4CMH,0.53,1
77_4CMH,0.6,0
78_4CMH,0.75,0
79_4CMH,0.78,1
80_4CMH,0.69,0
81_4CMH,0.73,0
82_4CMH,0.61,0
83_4CMH,0.72,0
84_4CMH,0.82,0
85_4CMH,0.74,0
86_4CMH,0.7,0
87_4CMH,0.8,0
88_4CMH,0.79,0
89_4CMH,0.0,0
90_4CMH,0.82,0
91_4CMH,0.81,0
92_4CMH,0.0,0
93_4CMH,0.0,0
94_4CMH,0.71,0
95_4CMH,0.86,0
96_4CMH,0.7,0
97_4CMH,0.64,0
98_4CMH,0.0,0
99_4CMH,0.29,0
100_4CMH,0.37,0
101_4CMH,0.0,0
102_4CMH,0.35,0
103_4CMH,0.44,0
104_4CMH,0.68,0
105_4CMH,0.58,0
106_4CMH,0.0,0
107_4CMH,0.77,1
108_4CMH,0.81,1
109_4CMH,0.0,0
110_4CMH,0.65,1
111_4CMH,0.74,1
112_4CMH,0.76,1
113_4CMH,0.75,1
114_4CMH,0.59,1
115_4CMH,0.46,1
116_4CMH,0.28,1
117_4CMH,0.08,1
118_4CMH,0.02,1
119_4CMH,0.01,1
120_4CMH,0.02,0
121_4CMH,0.03,0
122_4CMH,0.06,0
123_4CMH,0.0,0
124_4CMH,0.2,0
125_4CMH,0.31,0
126_4CMH,0.6,0
127_4CMH,0.67,0
128_4CMH,0.77,0
129_4CMH,0.42,0
130_4CMH,0.59,0
131_4CMH,0.55,0
132_4CMH,0.0,0
133_4CMH,0.38,0
134_4CMH,0.46,0
135_4CMH,0.0,0
136_4CMH,0.0,0
137_4CMH,0.3,0
138_4CMH,0.3,0
139_4CMH,0.11,0
140_4CMH,0.16,0
141_4CMH,0.09,0
142_4CMH,0.08,0
143_4CMH,0.09,0
144_4CMH,0.0,0
145_4CMH,0.18,0
146_4CMH,0.33,0
147_4CMH,0.18,0
148_4CMH,0.35,1
149_4CMH,0.0,0
150_4CMH,0.57,1
151_4CMH,0.0,0
152_4CMH,0.5,0
153_4CMH,0.0,0
154_4CMH,0.0,0
155_4CMH,0.37,0
156_4CMH,0.36,0
157_4CMH,0.4,0
158_4CMH,0.41,0
159_4CMH,0.0,0
160_4CMH,0.0,0
161_4CMH,0.0,0
162_4CMH,0.83,0
163_4CMH,0.91,0
164_4CMH,0.93,0
165_4CMH,0.94,0
166_4CMH,0.94,0
167_4CMH,0.93,0
168_4CMH,0.89,0
169_4CMH,0.0,0
170_4CMH,0.83,0
171_4CMH,0.88,0
172_4CMH,0.76,0
173_4CMH,0.47,0
174_4CMH,0.0,0
175_4CMH,0.32,0
176_4CMH,0.17,0
177_4CMH,0.25,0
178_4CMH,0.22,0
179_4CMH,0.21,0
180_4CMH,0.14,0
181_4CMH,0.22,0
182_4CMH,0.19,0
183_4CMH,0.27,0
184_4CMH,0.0,0
185_4CMH,0.25,0
186_4CMH,0.2,0
187_4CMH,0.0,0
188_4CMH,0.0,0
189_4CMH,0.23,0
190_4CMH,0.23,0
191_4CMH,0.0,0
192_4CMH,0.42,0
193_4CMH,0.0,0
194_4CMH,0.26,1
195_4CMH,0.28,1
196_4CMH,0.07,1
197_4CMH,0.0,0
198_4CMH,0.05,1
199_4CMH,0.04,1
200_4CMH,0.0,0
201_4CMH,0.01,1
202_4CMH,0.03,0
203_4CMH,0.05,0
204_4CMH,0.0,0
205_4CMH,0.06,0
206_4CMH,0.0,0
207_4CMH,0.0,0
208_4CMH,0.0,0
209_4CMH,0.87,0
210_4CMH,0.0,0
211_4CMH,0.96,0
212_4CMH,0.95,0
213_4CMH,0.95,0
214_4CMH,0.84,0
215_4CMH,0.91,0
216_4CMH,0.0,0
217_4CMH,0.61,0
218_4CMH,0.49,0
219_4CMH,0.48,0
220_4CMH,0.31,0
221_4CMH,0.36,0
222_4CMH,0.0,0
223_4CMH,0.0,0
224_4CMH,0.38,0
225_4CMH,0.29,0
226_4CMH,0.12,0
227_4CMH,0.0,0
228_4CMH,0.34,0
229_4CMH,0.15,0
230_4CMH,0.1,0
231_4CMH,0.13,0
232_4CMH,0.13,0
233_4CMH,0.07,1
234_4CMH,0.04,1
235_4CMH,0.0,0
236_4CMH,0.12,0
237_4CMH,0.14,0
238_4CMH,0.0,0
239_4CMH,0.15,0
240_4CMH,0.0,0
241_4CMH,0.41,0
242_4CMH,0.0,0
243_4CMH,0.9,0
244_4CMH,0.96,0
245_4CMH,0.98,0
246_4CMH,0.99,0
247_4CMH,1.0,0
248_4CMH,1.0,0
249_4CMH,0.99,0
250_4CMH,0.97,0
251_4CMH,0.92,0
252_4CMH,0.84,0
253_4CMH,0.9,0
254_4CMH,0.54,0
255_4CMH,0.66,0
256_4CMH,0.85,0
257_4CMH,0.73,0
258_4CMH,0.71,0
259_4CMH,0.0,0
260_4CMH,0.5,0
261_4CMH,0.49,0
262_4CMH,0.0,0
263_4CMH,0.43,0
264_4CMH,0.52,0
265_4CMH,0.47,0
266_4CMH,0.24,0
267_4CMH,0.48,0
268_4CMH,0.45,0
269_4CMH,0.24,0
270_4CMH,0.27,0
271_4CMH,0.16,0
272_4CMH,0.26,0
273_4CMH,0.39,0
274_4CMH,0.33,0
275_4CMH,0.34,0
276_4CMH,0.43,0
277_4CMH,0.72,0
278_4CMH,0.67,0
279_4CMH,0.88,0
280_4CMH,0.87,0
281_4CMH,0.89,0
282_4CMH,0.85,0
283_4CMH,0.53,0
284_4CMH,0.21,0
285_4CMH,0.51,0
286_4CMH,0.44,0
287_4CMH,0.11,0
288_4CMH,0.1,0
289_4CMH,0.39,0
290_4CMH,0.32,0
291_4CMH,0.17,0
292_4CMH,0.19,0
111_3PGF,0.02,0
112_3PGF,0.07,0
113_3PGF,0.25,0
114_3PGF,0.25,0
115_3PGF,0.0,0
116_3PGF,0.09,0
117_3PGF,0.0,0
118_3PGF,0.24,0
119_3PGF,0.35,0
120_3PGF,0.42,0
121_3PGF,0.48,0
122_3PGF,0.44,0
123_3PGF,0.38,0
124_3PGF,0.0,0
125_3PGF,0.58,0
126_3PGF,0.74,0
127_3PGF,0.74,0
128_3PGF,0.33,0
129_3PGF,0.64,0
130_3PGF,0.76,0
131_3PGF,0.67,0
132_3PGF,0.34,0
133_3PGF,0.65,0
134_3PGF,0.68,0
135_3PGF,0.42,0
136_3PGF,0.41,0
137_3PGF,0.55,0
138_3PGF,0.57,0
139_3PGF,0.44,0
140_3PGF,0.49,0
141_3PGF,0.35,0
142_3PGF,0.38,0
143_3PGF,0.0,0
144_3PGF,0.41,0
145_3PGF,0.39,0
146_3PGF,0.54,0
147_3PGF,0.5,0
148_3PGF,0.45,0
149_3PGF,0.55,0
150_3PGF,0.48,0
151_3PGF,0.0,0
152_3PGF,0.4,0
153_3PGF,0.51,0
154_3PGF,0.43,0
155_3PGF,0.0,0
156_3PGF,0.23,0
157_3PGF,0.3,0
158_3PGF,0.26,0
159_3PGF,0.0,0
160_3PGF,0.2,0
161_3PGF,0.24,0
162_3PGF,0.01,0
163_3PGF,0.01,0
164_3PGF,0.05,0
165_3PGF,0.0,0
166_3PGF,0.04,0
167_3PGF,0.0,0
168_3PGF,0.0,0
169_3PGF,0.3,0
170_3PGF,0.31,0
171_3PGF,0.19,0
172_3PGF,0.0,0
173_3PGF,0.44,0
174_3PGF,0.33,0
175_3PGF,0.0,0
176_3PGF,0.0,0
177_3PGF,0.46,0
178_3PGF,0.29,0
179_3PGF,0.53,0
180_3PGF,0.5,0
181_3PGF,0.21,0
182_3PGF,0.28,0
183_3PGF,0.1,0
184_3PGF,0.0,0
185_3PGF,0.11,0
186_3PGF,0.45,0
187_3PGF,0.0,0
188_3PGF,0.78,0
189_3PGF,0.79,0
190_3PGF,0.88,0
191_3PGF,0.94,0
192_3PGF,0.93,0
193_3PGF,0.88,0
194_3PGF,0.92,0
195_3PGF,0.93,1
196_3PGF,0.93,0
197_3PGF,0.0,0
198_3PGF,0.9,1
199_3PGF,0.96,1
200_3PGF,0.89,1
201_3PGF,0.0,1
202_3PGF,0.0,0
203_3PGF,0.91,1
204_3PGF,0.0,0
205_3PGF,0.0,0
206_3PGF,0.8,1
207_3PGF,0.76,0
208_3PGF,0.86,0
209_3PGF,0.87,0
210_3PGF,0.77,0
211_3PGF,0.78,0
212_3PGF,0.58,0
213_3PGF,0.0,0
214_3PGF,0.0,0
215_3PGF,0.0,0
216_3PGF,0.71,0
217_3PGF,0.0,0
218_3PGF,0.3,1
219_3PGF,0.15,0
220_3PGF,0.0,0
221_3PGF,0.0,0
222_3PGF,0.06,0
223_3PGF,0.0,0
224_3PGF,0.0,0
225_3PGF,0.02,0
226_3PGF,0.27,0
227_3PGF,0.05,0
228_3PGF,0.02,0
229_3PGF,0.03,0
230_3PGF,0.02,0
231_3PGF,0.03,0
232_3PGF,0.03,0
233_3PGF,0.04,0
234_3PGF,0.0,0
235_3PGF,0.07,0
236_3PGF,0.11,0
237_3PGF,0.17,0
238_3PGF,0.2,0
239_3PGF,0.16,0
240_3PGF,0.16,0
241_3PGF,0.32,0
242_3PGF,0.16,0
243_3PGF,0.08,0
244_3PGF,0.28,0
245_3PGF,0.15,0
246_3PGF,0.11,0
247_3PGF,0.05,0
248_3PGF,0.17,0
249_3PGF,0.07,0
250_3PGF,0.04,0
251_3PGF,0.08,0
252_3PGF,0.03,0
253_3PGF,0.25,0
254_3PGF,0.0,0
255_3PGF,0.11,0
256_3PGF,0.24,0
257_3PGF,0.0,0
258_3PGF,0.33,0
259_3PGF,0.17,0
260_3PGF,0.38,0
261_3PGF,0.37,0
262_3PGF,0.35,0
263_3PGF,0.36,0
264_3PGF,0.31,0
265_3PGF,0.0,0
266_3PGF,0.05,0
267_3PGF,0.15,0
268_3PGF,0.1,0
269_3PGF,0.04,0
270_3PGF,0.09,0
271_3PGF,0.0,0
272_3PGF,0.11,0
273_3PGF,0.25,0
274_3PGF,0.0,0
275_3PGF,0.56,0
276_3PGF,0.0,0
277_3PGF,0.0,0
278_3PGF,0.84,0
279_3PGF,0.9,0
280_3PGF,0.97,0
281_3PGF,0.99,0
282_3PGF,0.98,0
283_3PGF,0.94,0
284_3PGF,0.85,0
285_3PGF,0.86,0
286_3PGF,0.82,0
287_3PGF,0.7,0
288_3PGF,0.68,0
289_3PGF,0.51,0
290_3PGF,0.39,0
291_3PGF,0.36,0
292_3PGF,0.24,0
293_3PGF,0.09,0
294_3PGF,0.05,0
295_3PGF,0.0,0
296_3PGF,0.0,0
297_3PGF,0.18,0
298_3PGF,0.16,0
299_3PGF,0.0,0
300_3PGF,0.0,0
301_3PGF,0.37,0
302_3PGF,0.23,0
303_3PGF,0.0,0
304_3PGF,0.43,0
305_3PGF,0.41,0
306_3PGF,0.18,0
307_3PGF,0.41,0
308_3PGF,0.48,0
309_3PGF,0.31,0
310_3PGF,0.26,0
311_3PGF,0.18,0
312_3PGF,0.15,0
313_3PGF,0.28,0
314_3PGF,0.29,0
315_3PGF,0.36,0
316_3PGF,0.18,0
317_3PGF,0.27,0
318_3PGF,0.49,0
319_3PGF,0.47,0
320_3PGF,0.34,0
321_3PGF,0.01,0
322_3PGF,0.47,0
323_3PGF,0.44,0
324_3PGF,0.28,0
325_3PGF,0.0,0
326_3PGF,0.61,0
327_3PGF,0.29,0
328_3PGF,0.15,0
329_3PGF,0.08,0
330_3PGF,0.0,0
331_3PGF,0.0,0
332_3PGF,0.0,0
333_3PGF,0.18,0
334_3PGF,0.12,0
335_3PGF,0.29,0
336_3PGF,0.0,0
337_3PGF,0.0,0
338_3PGF,0.28,0
339_3PGF,0.0,0
340_3PGF,0.5,0
341_3PGF,0.69,0
342_3PGF,0.75,0
343_3PGF,0.4,0
344_3PGF,0.63,0
345_3PGF,0.72,0
346_3PGF,0.49,0
347_3PGF,0.42,0
348_3PGF,0.22,0
349_3PGF,0.24,0
350_3PGF,0.28,0
351_3PGF,0.19,0
352_3PGF,0.0,0
353_3PGF,0.06,0
354_3PGF,0.06,0
355_3PGF,0.03,0
356_3PGF,0.1,0
357_3PGF,0.12,0
358_3PGF,0.09,0
359_3PGF,0.13,0
360_3PGF,0.17,0
361_3PGF,0.09,0
362_3PGF,0.14,0
363_3PGF,0.1,0
364_3PGF,0.14,0
365_3PGF,0.0,0
366_3PGF,0.04,0
367_3PGF,0.02,1
368_3PGF,0.25,0
369_3PGF,0.38,0
370_3PGF,0.08,0
371_3PGF,0.0,0
372_3PGF,0.0,0
373_3PGF,0.0,0
374_3PGF,0.0,0
375_3PGF,0.06,0
376_3PGF,0.02,0
377_3PGF,0.01,0
378_3PGF,0.0,0
379_3PGF,0.01,0
380_3PGF,0.07,0
381_3PGF,0.09,0
382_3PGF,0.21,0
383_3PGF,0.23,0
384_3PGF,0.0,0
385_3PGF,0.47,0
386_3PGF,0.57,0
387_3PGF,0.0,0
388_3PGF,0.0,0
389_3PGF,0.77,0
390_3PGF,0.76,0
391_3PGF,0.72,0
392_3PGF,0.0,0
393_3PGF,0.0,0
394_3PGF,0.81,0
395_3PGF,0.87,0
396_3PGF,0.85,0
397_3PGF,0.82,0
398_3PGF,0.0,0
399_3PGF,0.88,0
400_3PGF,0.79,0
401_3PGF,0.39,0
402_3PGF,0.75,0
403_3PGF,0.83,0
404_3PGF,0.8,0
405_3PGF,0.67,0
406_3PGF,0.57,0
407_3PGF,0.61,0
408_3PGF,0.0,0
409_3PGF,0.53,1
410_3PGF,0.0,1
411_3PGF,0.0,0
412_3PGF,0.0,0
413_3PGF,0.9,1
414_3PGF,0.92,0
415_3PGF,0.87,0
416_3PGF,0.81,1
417_3PGF,0.81,1
418_3PGF,0.79,0
419_3PGF,0.73,0
420_3PGF,0.58,0
421_3PGF,0.62,0
422_3PGF,0.33,0
423_3PGF,0.37,0
424_3PGF,0.32,0
425_3PGF,0.41,0
426_3PGF,0.23,0
427_3PGF,0.14,0
428_3PGF,0.21,0
429_3PGF,0.36,1
430_3PGF,0.19,0
431_3PGF,0.0,0
432_3PGF,0.1,1
433_3PGF,0.19,1
434_3PGF,0.12,0
435_3PGF,0.0,1
436_3PGF,0.42,1
437_3PGF,0.8,1
438_3PGF,0.7,1
439_3PGF,0.84,1
440_3PGF,0.88,1
441_3PGF,0.85,0
442_3PGF,0.68,0
443_3PGF,0.71,0
444_3PGF,0.0,0
445_3PGF,0.67,0
446_3PGF,0.68,0
447_3PGF,0.0,0
448_3PGF,0.55,0
449_3PGF,0.73,0
450_3PGF,0.66,0
451_3PGF,0.4,0
452_3PGF,0.66,0
453_3PGF,0.75,0
454_3PGF,0.64,0
455_3PGF,0.6,0
456_3PGF,0.69,0
457_3PGF,0.0,0
458_3PGF,0.0,0
459_3PGF,0.65,0
460_3PGF,0.64,0
461_3PGF,0.76,0
462_3PGF,0.83,0
463_3PGF,0.82,0
464_3PGF,0.76,0
465_3PGF,0.55,0
466_3PGF,0.53,0
467_3PGF,0.67,0
468_3PGF,0.0,0
469_3PGF,0.52,0
470_3PGF,0.51,0
471_3PGF,0.72,0
472_3PGF,0.0,0
473_3PGF,0.54,0
474_3PGF,0.56,0
475_3PGF,0.63,0
476_3PGF,0.0,0
477_3PGF,0.69,0
478_3PGF,0.6,0
479_3PGF,0.65,0
480_3PGF,0.57,0
481_3PGF,0.54,0
482_3PGF,0.0,0
483_3PGF,0.2,0
484_3PGF,0.0,0
485_3PGF,0.38,0
486_3PGF,0.44,0
487_3PGF,0.37,0
488_3PGF,0.4,0
489_3PGF,0.0,0
490_3PGF,0.34,0
491_3PGF,0.42,0
492_3PGF,0.0,0
493_3PGF,0.19,0
494_3PGF,0.47,0
495_3PGF,0.7,0
496_3PGF,0.68,0
497_3PGF,0.56,0
498_3PGF,0.31,0
499_3PGF,0.46,0
500_3PGF,0.35,0
501_3PGF,0.26,0
502_3PGF,0.0,0
503_3PGF,0.27,0
504_3PGF,0.17,0
505_3PGF,0.15,0
506_3PGF,0.0,0
507_3PGF,0.0,0
508_3PGF,0.13,0
509_3PGF,0.13,0
510_3PGF,0.0,0
511_3PGF,0.29,0
512_3PGF,0.06,0
513_3PGF,0.08,0
514_3PGF,0.0,0
515_3PGF,0.27,0
516_3PGF,0.14,0
517_3PGF,0.21,0
518_3PGF,0.31,0
519_3PGF,0.0,0
520_3PGF,0.34,0
521_3PGF,0.39,0
522_3PGF,0.36,0
523_3PGF,0.0,0
524_3PGF,0.46,0
525_3PGF,0.45,0
526_3PGF,0.0,0
527_3PGF,0.6,0
528_3PGF,0.63,0
529_3PGF,0.62,0
530_3PGF,0.66,0
531_3PGF,0.0,0
532_3PGF,0.65,0
533_3PGF,0.7,0
534_3PGF,0.7,0
535_3PGF,0.69,0
536_3PGF,0.52,0
537_3PGF,0.48,0
538_3PGF,0.5,0
539_3PGF,0.0,0
540_3PGF,0.0,0
541_3PGF,0.49,0
542_3PGF,0.66,0
543_3PGF,0.59,0
544_3PGF,0.52,0
545_3PGF,0.78,0
546_3PGF,0.87,0
547_3PGF,0.86,0
548_3PGF,0.6,0
549_3PGF,0.81,0
550_3PGF,0.94,0
551_3PGF,0.91,0
552_3PGF,0.92,0
553_3PGF,0.95,0
554_3PGF,0.96,0
555_3PGF,0.97,0
556_3PGF,0.91,0
557_3PGF,0.95,0
558_3PGF,0.95,0
559_3PGF,0.0,0
560_3PGF,0.89,0
561_3PGF,0.95,0
562_3PGF,0.89,0
563_3PGF,0.52,0
564_3PGF,0.71,0
565_3PGF,0.77,0
566_3PGF,0.59,0
567_3PGF,0.47,0
568_3PGF,0.51,0
569_3PGF,0.0,0
570_3PGF,0.39,0
571_3PGF,0.0,0
572_3PGF,0.89,0
573_3PGF,0.8,0
574_3PGF,0.8,0
575_3PGF,0.0,0
576_3PGF,0.0,0
577_3PGF,0.73,0
578_3PGF,0.0,0
579_3PGF,0.0,0
580_3PGF,0.65,0
581_3PGF,0.51,0
582_3PGF,0.0,0
583_3PGF,0.0,0
584_3PGF,0.0,0
585_3PGF,0.0,0
586_3PGF,0.0,0
587_3PGF,0.0,0
588_3PGF,0.71,0
589_3PGF,0.0,0
590_3PGF,0.0,0
591_3PGF,0.84,0
592_3PGF,0.0,0
593_3PGF,0.0,0
594_3PGF,0.67,0
595_3PGF,0.84,0
596_3PGF,0.71,0
597_3PGF,0.72,0
598_3PGF,0.0,0
599_3PGF,0.67,0
600_3PGF,0.0,0
601_3PGF,0.0,0
602_3PGF,0.3,0
603_3PGF,0.0,0
604_3PGF,0.0,0
605_3PGF,0.0,0
606_3PGF,0.0,0
607_3PGF,0.0,0
608_3PGF,0.05,0
609_3PGF,0.48,0
610_3PGF,0.0,0
611_3PGF,0.2,0
612_3PGF,0.0,0
613_3PGF,0.16,0
614_3PGF,0.26,0
615_3PGF,0.31,0
616_3PGF,0.26,0
617_3PGF,0.43,0
618_3PGF,0.12,0
619_3PGF,0.64,0
620_3PGF,0.45,0
621_3PGF,0.0,0
622_3PGF,0.0,0
623_3PGF,0.0,0
624_3PGF,0.0,0
625_3PGF,0.18,0
626_3PGF,0.0,0
627_3PGF,0.0,0
628_3PGF,0.0,0
629_3PGF,0.0,0
630_3PGF,0.0,0
631_3PGF,0.38,0
632_3PGF,0.72,0
633_3PGF,0.0,0
634_3PGF,0.59,0
635_3PGF,0.76,0
636_3PGF,0.83,0
637_3PGF,0.77,0
638_3PGF,0.79,0
639_3PGF,0.61,0
640_3PGF,0.44,0
641_3PGF,0.55,0
642_3PGF,0.51,0
643_3PGF,0.0,0
644_3PGF,0.0,0
645_3PGF,0.0,0
646_3PGF,0.0,0
647_3PGF,0.0,0
648_3PGF,0.0,0
649_3PGF,0.0,0
650_3PGF,0.0,0
651_3PGF,0.8,0
652_3PGF,0.87,0
653_3PGF,0.0,0
654_3PGF,0.57,0
655_3PGF,0.0,0
656_3PGF,0.0,0
657_3PGF,0.0,0
658_3PGF,0.35,0
659_3PGF,0.13,0
660_3PGF,0.0,0
661_3PGF,0.25,0
662_3PGF,0.13,0
663_3PGF,0.12,0
664_3PGF,0.21,0
665_3PGF,0.34,0
666_3PGF,0.0,0
667_3PGF,0.0,0
668_3PGF,0.34,0
669_3PGF,0.62,0
670_3PGF,0.0,0
671_3PGF,0.0,0
672_3PGF,0.0,0
673_3PGF,0.95,0
674_3PGF,0.96,0
675_3PGF,1.0,0
676_3PGF,1.0,0
677_3PGF,0.99,0
678_3PGF,1.0,0
679_3PGF,0.98,0
680_3PGF,0.94,0
681_3PGF,0.97,0
682_3PGF,0.99,0
683_3PGF,0.99,0
684_3PGF,0.98,0
685_3PGF,0.85,0
686_3PGF,0.92,0
687_3PGF,0.94,0
688_3PGF,0.88,0
689_3PGF,0.84,0
690_3PGF,0.74,0
691_3PGF,0.64,0
692_3PGF,0.0,0
693_3PGF,0.32,0
694_3PGF,0.07,0
695_3PGF,0.12,0
696_3PGF,0.0,0
697_3PGF,0.5,0
698_3PGF,0.59,0
699_3PGF,0.54,0
700_3PGF,0.54,0
701_3PGF,0.0,0
702_3PGF,0.0,0
703_3PGF,0.0,0
704_3PGF,0.99,0
705_3PGF,0.0,0
706_3PGF,1.0,0
707_3PGF,0.99,0
708_3PGF,0.98,0
709_3PGF,0.91,0
710_3PGF,0.0,0
711_3PGF,0.81,0
712_3PGF,0.74,0
713_3PGF,0.78,0
714_3PGF,0.9,0
715_3PGF,0.83,0
716_3PGF,0.85,0
717_3PGF,0.91,0
718_3PGF,0.0,0
719_3PGF,0.0,0
720_3PGF,0.93,0
721_3PGF,0.92,0
722_3PGF,0.0,0
723_3PGF,0.61,0
724_3PGF,0.78,0
725_3PGF,0.83,0
726_3PGF,0.0,0
727_3PGF,0.0,0
728_3PGF,0.79,0
729_3PGF,0.74,0
730_3PGF,0.6,0
731_3PGF,0.6,0
732_3PGF,0.0,0
733_3PGF,0.58,0
734_3PGF,0.0,0
735_3PGF,0.0,0
736_3PGF,0.0,0
737_3PGF,0.0,0
738_3PGF,0.0,0
739_3PGF,0.43,0
740_3PGF,0.0,0
741_3PGF,0.0,0
742_3PGF,0.0,0
743_3PGF,0.0,0
744_3PGF,0.0,0
745_3PGF,0.58,0
746_3PGF,0.59,0
747_3PGF,0.0,0
748_3PGF,0.53,0
749_3PGF,0.75,0
750_3PGF,0.0,0
751_3PGF,0.9,0
752_3PGF,0.0,0
753_3PGF,0.75,0
754_3PGF,0.0,0
755_3PGF,0.53,0
756_3PGF,0.32,0
757_3PGF,0.47,0
758_3PGF,0.62,0
759_3PGF,0.0,0
760_3PGF,0.49,0
761_3PGF,0.63,0
762_3PGF,0.45,0
763_3PGF,0.0,0
764_3PGF,0.63,0
765_3PGF,0.7,0
766_3PGF,0.0,0
767_3PGF,0.62,0
768_3PGF,0.73,0
769_3PGF,0.0,0
770_3PGF,0.0,0
771_3PGF,0.73,0
772_3PGF,0.69,0
773_3PGF,0.63,0
774_3PGF,0.0,0
775_3PGF,0.0,0
776_3PGF,0.0,0
777_3PGF,0.0,0
778_3PGF,0.0,0
779_3PGF,0.22,0
780_3PGF,0.27,0
781_3PGF,0.0,0
782_3PGF,0.14,0
783_3PGF,0.23,0
784_3PGF,0.22,0
785_3PGF,0.2,0
786_3PGF,0.32,0
787_3PGF,0.0,0
788_3PGF,0.22,0
789_3PGF,0.21,0
790_3PGF,0.0,0
791_3PGF,0.33,0
792_3PGF,0.0,0
793_3PGF,0.3,0
794_3PGF,0.0,0
795_3PGF,0.43,0
796_3PGF,0.22,0
797_3PGF,0.46,0
798_3PGF,0.0,0
799_3PGF,0.4,0
800_3PGF,0.57,0
801_3PGF,0.37,0
802_3PGF,0.54,0
803_3PGF,0.56,0
804_3PGF,0.41,0
805_3PGF,0.46,0
806_3PGF,0.52,0
807_3PGF,0.66,0
810_3PGF,0.86,0
811_3PGF,0.89,0
812_3PGF,0.93,0
813_3PGF,0.96,0
814_3PGF,0.98,0
815_3PGF,1.0,0
816_3PGF,0.0,0
817_3PGF,0.92,0
818_3PGF,0.96,0
819_3PGF,0.96,0
820_3PGF,0.0,0
821_3PGF,0.97,0
822_3PGF,0.97,0
823_3PGF,0.0,0
824_3PGF,0.82,0
825_3PGF,0.89,0
826_3PGF,0.77,0
827_3PGF,0.0,0
828_3PGF,0.86,0
829_3PGF,0.73,0
830_3PGF,0.61,0
831_3PGF,0.56,0
832_3PGF,0.82,0
833_3PGF,0.83,0
834_3PGF,0.0,0
835_3PGF,0.86,0
11_4JR9,0.29,0
12_4JR9,0.27,1
13_4JR9,0.33,0
14_4JR9,0.31,0
15_4JR9,0.12,1
16_4JR9,0.07,1
17_4JR9,0.1,1
18_4JR9,0.0,0
19_4JR9,0.03,1
20_4JR9,0.05,0
21_4JR9,0.11,0
22_4JR9,0.08,0
23_4JR9,0.2,0
24_4JR9,0.09,1
25_4JR9,0.0,1
26_4JR9,0.19,0
27_4JR9,0.27,1
28_4JR9,0.17,1
29_4JR9,0.16,1
30_4JR9,0.0,0
31_4JR9,0.26,0
32_4JR9,0.28,1
33_4JR9,0.23,0
34_4JR9,0.0,0
35_4JR9,0.35,0
36_4JR9,0.4,0
37_4JR9,0.0,0
38_4JR9,0.35,0
39_4JR9,0.46,0
40_4JR9,0.56,0
41_4JR9,0.0,0
42_4JR9,0.5,0
43_4JR9,0.6,0
44_4JR9,0.97,0
45_4JR9,0.0,0
46_4JR9,0.47,0
47_4JR9,0.66,0
48_4JR9,0.0,0
49_4JR9,0.0,0
50_4JR9,0.0,0
51_4JR9,0.0,0
52_4JR9,0.0,0
53_4JR9,0.0,0
54_4JR9,0.0,0
55_4JR9,0.0,0
56_4JR9,0.04,0
57_4JR9,0.02,0
58_4JR9,0.0,0
59_4JR9,0.0,0
60_4JR9,0.0,0
61_4JR9,0.05,0
62_4JR9,0.0,0
63_4JR9,0.15,0
64_4JR9,0.16,0
65_4JR9,0.0,0
66_4JR9,0.37,0
67_4JR9,0.0,0
68_4JR9,0.24,0
69_4JR9,0.32,0
70_4JR9,0.2,0
71_4JR9,0.02,0
72_4JR9,0.26,0
73_4JR9,0.45,0
74_4JR9,0.01,0
75_4JR9,0.0,0
76_4JR9,0.57,0
77_4JR9,0.0,0
78_4JR9,0.0,0
79_4JR9,0.0,0
80_4JR9,0.74,0
81_4JR9,0.0,0
82_4JR9,0.0,0
83_4JR9,0.82,0
84_4JR9,0.76,0
85_4JR9,0.0,0
86_4JR9,0.85,0
87_4JR9,0.72,0
88_4JR9,0.68,0
89_4JR9,0.0,0
90_4JR9,0.57,0
91_4JR9,0.59,0
92_4JR9,0.71,0
93_4JR9,0.52,0
94_4JR9,0.53,0
95_4JR9,0.79,0
96_4JR9,0.43,0
97_4JR9,0.41,0
98_4JR9,0.53,0
99_4JR9,0.73,0
100_4JR9,0.41,0
101_4JR9,0.0,0
102_4JR9,0.55,0
103_4JR9,0.83,0
104_4JR9,0.86,0
105_4JR9,0.58,0
106_4JR9,0.88,0
107_4JR9,1.0,0
108_4JR9,0.92,0
109_4JR9,0.79,0
110_4JR9,1.0,0
111_4JR9,1.0,0
112_4JR9,0.0,0
113_4JR9,0.98,0
114_4JR9,0.96,0
115_4JR9,0.91,0
116_4JR9,0.0,0
117_4JR9,0.64,0
118_4JR9,0.71,0
119_4JR9,0.0,0
120_4JR9,0.0,0
121_4JR9,0.56,0
122_4JR9,0.0,0
123_4JR9,0.0,0
124_4JR9,0.39,0
125_4JR9,0.3,0
126_4JR9,0.34,0
127_4JR9,0.35,0
128_4JR9,0.4,0
129_4JR9,0.4,0
130_4JR9,0.48,0
131_4JR9,0.53,0
132_4JR9,0.48,0
133_4JR9,0.0,0
134_4JR9,0.62,0
135_4JR9,0.76,0
136_4JR9,0.0,0
137_4JR9,0.0,0
138_4JR9,0.78,0
139_4JR9,0.88,0
140_4JR9,0.72,0
141_4JR9,0.0,0
142_4JR9,0.95,0
143_4JR9,0.0,0
144_4JR9,0.84,0
145_4JR9,0.0,0
146_4JR9,0.84,0
147_4JR9,0.0,0
148_4JR9,0.0,0
149_4JR9,0.76,0
150_4JR9,0.57,0
151_4JR9,0.0,0
152_4JR9,0.0,0
153_4JR9,0.44,0
154_4JR9,0.0,0
155_4JR9,0.22,0
156_4JR9,0.07,0
157_4JR9,0.0,0
158_4JR9,0.13,0
159_4JR9,0.08,0
160_4JR9,0.16,0
161_4JR9,0.26,0
162_4JR9,0.22,0
163_4JR9,0.19,0
164_4JR9,0.33,0
165_4JR9,0.38,0
166_4JR9,0.25,0
167_4JR9,0.47,0
168_4JR9,0.63,0
169_4JR9,0.51,0
170_4JR9,0.0,0
171_4JR9,0.67,0
172_4JR9,0.63,0
173_4JR9,0.58,0
174_4JR9,0.0,0
175_4JR9,0.0,0
176_4JR9,0.72,0
177_4JR9,0.0,0
178_4JR9,0.0,0
179_4JR9,0.52,0
180_4JR9,0.2,0
181_4JR9,0.0,0
182_4JR9,0.04,0
183_4JR9,0.14,0
184_4JR9,0.01,0
185_4JR9,0.06,0
186_4JR9,0.11,0
187_4JR9,0.01,0
188_4JR9,0.03,0
189_4JR9,0.09,0
190_4JR9,0.07,0
191_4JR9,0.11,0
192_4JR9,0.14,0
193_4JR9,0.09,0
194_4JR9,0.27,0
195_4JR9,0.23,0
196_4JR9,0.28,0
197_4JR9,0.46,0
198_4JR9,0.34,0
199_4JR9,0.37,0
200_4JR9,0.31,0
201_4JR9,0.29,0
202_4JR9,0.21,0
203_4JR9,0.29,0
204_4JR9,0.23,0
205_4JR9,0.39,0
206_4JR9,0.36,0
207_4JR9,0.38,0
208_4JR9,0.22,0
209_4JR9,0.19,0
210_4JR9,0.04,0
211_4JR9,0.21,0
212_4JR9,0.0,0
213_4JR9,0.0,0
214_4JR9,0.0,0
215_4JR9,0.02,0
216_4JR9,0.0,0
217_4JR9,0.42,0
218_4JR9,0.42,0
219_4JR9,0.59,0
220_4JR9,0.88,0
221_4JR9,0.93,0
222_4JR9,0.8,0
223_4JR9,0.0,0
224_4JR9,0.96,0
225_4JR9,0.91,0
226_4JR9,0.79,0
227_4JR9,0.99,0
228_4JR9,0.97,0
229_4JR9,0.74,0
230_4JR9,0.0,0
231_4JR9,0.92,0
232_4JR9,0.8,0
233_4JR9,0.6,0
234_4JR9,0.0,0
235_4JR9,0.37,0
236_4JR9,0.0,0
237_4JR9,0.0,0
238_4JR9,0.11,0
239_4JR9,0.08,0
240_4JR9,0.03,0
241_4JR9,0.06,0
242_4JR9,0.05,0
252_4JR9,0.65,0
253_4JR9,0.9,0
254_4JR9,0.97,0
255_4JR9,0.92,0
256_4JR9,0.69,0
257_4JR9,0.96,0
258_4JR9,0.95,0
259_4JR9,0.85,0
260_4JR9,0.0,0
261_4JR9,0.91,0
262_4JR9,0.77,0
263_4JR9,0.0,0
264_4JR9,0.93,0
265_4JR9,0.0,0
266_4JR9,0.0,0
267_4JR9,0.0,0
268_4JR9,0.0,0
269_4JR9,0.91,0
270_4JR9,0.81,0
271_4JR9,0.0,0
272_4JR9,0.0,0
273_4JR9,0.62,0
274_4JR9,0.0,0
275_4JR9,0.0,0
276_4JR9,0.49,0
277_4JR9,0.36,0
278_4JR9,0.05,0
279_4JR9,0.08,0
280_4JR9,0.0,0
281_4JR9,0.0,0
282_4JR9,0.06,0
283_4JR9,0.13,0
284_4JR9,0.1,0
285_4JR9,0.13,0
286_4JR9,0.13,0
287_4JR9,0.15,0
288_4JR9,0.18,0
289_4JR9,0.25,0
290_4JR9,0.0,0
291_4JR9,0.12,0
292_4JR9,0.1,0
293_4JR9,0.36,0
294_4JR9,0.44,0
295_4JR9,0.56,0
296_4JR9,0.68,0
297_4JR9,0.83,0
298_4JR9,0.0,0
299_4JR9,0.82,0
300_4JR9,0.78,0
301_4JR9,0.0,0
302_4JR9,0.0,0
303_4JR9,0.77,0
304_4JR9,0.71,0
305_4JR9,0.84,0
306_4JR9,0.69,0
307_4JR9,0.6,0
308_4JR9,0.0,0
309_4JR9,0.65,0
310_4JR9,0.5,0
311_4JR9,0.5,0
312_4JR9,0.0,0
313_4JR9,0.54,0
314_4JR9,0.45,0
315_4JR9,0.42,0
316_4JR9,0.55,0
317_4JR9,0.0,0
318_4JR9,0.66,0
319_4JR9,0.61,0
320_4JR9,0.63,0
321_4JR9,0.82,0
322_4JR9,0.7,0
323_4JR9,0.61,0
324_4JR9,0.62,0
325_4JR9,0.0,0
326_4JR9,0.73,0
327_4JR9,0.73,0
328_4JR9,0.0,0
329_4JR9,0.93,0
330_4JR9,0.87,0
331_4JR9,0.88,0
332_4JR9,0.89,0
333_4JR9,0.85,0
334_4JR9,0.7,0
335_4JR9,0.79,0
336_4JR9,0.68,0
337_4JR9,0.51,0
338_4JR9,0.42,0
339_4JR9,0.32,0
340_4JR9,0.22,0
341_4JR9,0.28,0
342_4JR9,0.25,0
343_4JR9,0.17,0
344_4JR9,0.38,0
345_4JR9,0.39,0
346_4JR9,0.41,0
347_4JR9,0.44,0
348_4JR9,0.39,0
349_4JR9,0.69,0
350_4JR9,0.59,0
351_4JR9,0.0,0
352_4JR9,0.56,0
353_4JR9,0.62,0
354_4JR9,0.64,0
355_4JR9,0.0,0
356_4JR9,0.68,0
357_4JR9,0.87,0
358_4JR9,0.0,0
359_4JR9,0.0,0
360_4JR9,0.86,0
361_4JR9,0.82,0
362_4JR9,0.0,0
363_4JR9,0.89,0
364_4JR9,0.65,0
365_4JR9,0.7,0
366_4JR9,0.0,0
367_4JR9,0.67,0
368_4JR9,0.58,0
369_4JR9,0.76,0
370_4JR9,0.73,0
371_4JR9,0.54,0
372_4JR9,0.75,0
373_4JR9,0.65,0
374_4JR9,0.43,0
375_4JR9,0.47,0
376_4JR9,0.64,0
377_4JR9,0.55,0
378_4JR9,0.31,0
379_4JR9,0.33,0
380_4JR9,0.54,0
381_4JR9,0.53,0
382_4JR9,0.34,0
383_4JR9,0.48,0
384_4JR9,0.51,0
385_4JR9,0.28,0
386_4JR9,0.45,0
387_4JR9,0.49,0
388_4JR9,0.43,0
389_4JR9,0.46,0
390_4JR9,0.33,0
391_4JR9,0.24,0
392_4JR9,0.3,0
393_4JR9,0.16,0
394_4JR9,0.17,0
395_4JR9,0.0,0
396_4JR9,0.25,0
397_4JR9,0.18,0
398_4JR9,0.31,0
399_4JR9,0.0,0
400_4JR9,0.21,0
401_4JR9,0.19,0
402_4JR9,0.48,0
403_4JR9,0.36,0
404_4JR9,0.52,0
405_4JR9,0.45,0
406_4JR9,0.59,0
407_4JR9,0.49,0
408_4JR9,0.0,0
409_4JR9,0.81,0
410_4JR9,0.0,0
411_4JR9,0.0,0
412_4JR9,0.77,0
413_4JR9,0.89,0
414_4JR9,0.0,0
415_4JR9,0.0,0
416_4JR9,0.94,0
417_4JR9,0.99,0
418_4JR9,0.0,0
419_4JR9,0.94,0
420_4JR9,0.98,0
421_4JR9,0.83,0
422_4JR9,0.0,0
423_4JR9,0.75,0
424_4JR9,0.87,0
425_4JR9,0.12,0
426_4JR9,0.0,0
427_4JR9,0.71,0
428_4JR9,0.0,0
429_4JR9,0.02,0
430_4JR9,0.24,0
431_4JR9,0.32,0
432_4JR9,0.3,0
433_4JR9,0.14,0
434_4JR9,0.15,0
435_4JR9,0.18,0
436_4JR9,0.51,0
437_4JR9,0.66,0
438_4JR9,0.0,0
439_4JR9,0.61,0
440_4JR9,0.86,0
441_4JR9,0.94,0
442_4JR9,0.95,0
443_4JR9,0.81,0
444_4JR9,0.98,0
445_4JR9,0.99,0
446_4JR9,0.8,0
447_4JR9,0.96,0
448_4JR9,0.99,0
449_4JR9,0.0,0
450_4JR9,0.85,0
451_4JR9,0.9,0
452_4JR9,0.93,0
453_4JR9,0.9,0
454_4JR9,0.74,0
455_4JR9,0.78,0
456_4JR9,0.75,0
457_4JR9,0.67,0
176_4OII,0.69,0
177_4OII,0.59,0
178_4OII,0.56,0
179_4OII,0.0,0
180_4OII,0.44,0
181_4OII,0.38,0
182_4OII,0.27,0
183_4OII,0.3,0
184_4OII,0.37,0
185_4OII,0.35,0
186_4OII,0.23,0
187_4OII,0.14,0
188_4OII,0.05,0
189_4OII,0.08,0
190_4OII,0.24,0
191_4OII,0.17,0
192_4OII,0.08,0
193_4OII,0.0,0
194_4OII,0.11,0
195_4OII,0.0,0
196_4OII,0.16,0
197_4OII,0.28,0
198_4OII,0.21,0
199_4OII,0.24,0
200_4OII,0.0,0
201_4OII,0.1,0
202_4OII,0.01,0
203_4OII,0.05,0
204_4OII,0.0,0
205_4OII,0.09,0
206_4OII,0.04,0
207_4OII,0.19,0
208_4OII,0.22,0
209_4OII,0.21,0
210_4OII,0.27,0
211_4OII,0.3,0
212_4OII,0.0,0
213_4OII,0.07,0
214_4OII,0.02,0
215_4OII,0.0,0
216_4OII,0.12,0
217_4OII,0.0,0
218_4OII,0.32,0
219_4OII,0.34,0
220_4OII,0.55,0
221_4OII,0.39,0
222_4OII,0.61,0
223_4OII,0.43,0
224_4OII,0.45,0
225_4OII,0.0,0
226_4OII,0.0,0
227_4OII,0.52,0
228_4OII,0.47,0
229_4OII,0.33,0
230_4OII,0.0,0
231_4OII,0.2,0
232_4OII,0.42,1
233_4OII,0.49,0
234_4OII,0.61,0
235_4OII,0.7,1
236_4OII,0.0,1
237_4OII,0.73,1
238_4OII,0.71,0
239_4OII,0.77,1
240_4OII,0.72,1
241_4OII,0.5,0
242_4OII,0.0,0
243_4OII,0.0,0
244_4OII,0.74,0
245_4OII,0.68,0
246_4OII,0.75,0
247_4OII,0.6,0
248_4OII,0.0,0
249_4OII,0.0,0
250_4OII,0.0,0
251_4OII,0.57,0
252_4OII,0.0,0
253_4OII,0.41,1
254_4OII,0.26,0
255_4OII,0.0,0
256_4OII,0.52,1
257_4OII,0.33,1
258_4OII,0.54,1
259_4OII,0.87,0
260_4OII,0.0,1
261_4OII,0.82,1
262_4OII,0.84,1
263_4OII,0.0,0
264_4OII,0.85,1
265_4OII,0.86,1
266_4OII,0.0,0
267_4OII,0.0,0
268_4OII,0.0,0
269_4OII,0.64,0
270_4OII,0.58,0
271_4OII,0.58,0
272_4OII,0.36,0
273_4OII,0.0,0
274_4OII,0.11,0
275_4OII,0.0,0
276_4OII,0.02,0
277_4OII,0.0,0
278_4OII,0.03,0
279_4OII,0.13,0
280_4OII,0.0,0
281_4OII,0.15,0
282_4OII,0.15,0
283_4OII,0.0,0
284_4OII,0.4,0
285_4OII,0.0,0
286_4OII,0.66,0
287_4OII,0.78,0
288_4OII,0.92,0
289_4OII,0.98,1
290_4OII,0.99,0
291_4OII,0.0,0
292_4OII,1.0,0
293_4OII,0.99,1
294_4OII,0.96,1
295_4OII,0.96,0
296_4OII,0.89,0
297_4OII,0.0,0
298_4OII,0.0,0
299_4OII,0.43,0
300_4OII,0.74,0
301_4OII,0.36,0
302_4OII,0.55,0
303_4OII,0.65,0
304_4OII,0.65,0
305_4OII,0.49,0
306_4OII,0.51,0
307_4OII,0.46,0
308_4OII,0.53,0
309_4OII,0.46,0
310_4OII,0.8,0
311_4OII,0.0,0
312_4OII,0.76,0
313_4OII,0.0,0
314_4OII,0.94,1
315_4OII,0.95,1
316_4OII,0.0,0
317_4OII,0.63,0
318_4OII,0.48,0
319_4OII,0.29,0
320_4OII,0.0,0
321_4OII,0.0,0
322_4OII,0.06,0
323_4OII,0.0,0
324_4OII,0.18,0
325_4OII,0.0,0
326_4OII,0.31,0
327_4OII,0.4,0
328_4OII,0.25,0
329_4OII,0.18,0
330_4OII,0.0,0
331_4OII,0.0,0
332_4OII,0.0,0
333_4OII,0.93,0
334_4OII,0.79,0
335_4OII,0.0,0
336_4OII,0.8,0
337_4OII,0.9,0
338_4OII,0.91,0
339_4OII,0.88,0
340_4OII,0.97,0
341_4OII,0.93,0
342_4OII,0.77,0
343_4OII,0.67,0
344_4OII,0.62,0
345_4OII,0.71,0
346_4OII,0.68,0
347_4OII,0.83,0
348_4OII,0.0,0
349_4OII,0.86,0
350_4OII,0.83,0
351_4OII,0.9,1
352_4OII,0.81,0
93_3LEV,0.34,0
94_3LEV,0.28,0
95_3LEV,0.29,0
96_3LEV,0.23,0
97_3LEV,0.26,0
98_3LEV,0.34,0
99_3LEV,0.24,0
100_3LEV,0.26,0
101_3LEV,0.35,0
102_3LEV,0.35,0
103_3LEV,0.0,0
104_3LEV,0.38,0
105_3LEV,0.43,0
106_3LEV,0.43,0
107_3LEV,0.48,1
108_3LEV,0.58,1
109_3LEV,0.61,1
110_3LEV,0.9,1
111_3LEV,0.86,1
112_3LEV,0.99,1
113_3LEV,1.0,1
114_3LEV,0.49,0
115_3LEV,0.64,0
116_3LEV,1.0,1
117_3LEV,0.79,0
118_3LEV,0.46,0
119_3LEV,0.86,0
120_3LEV,0.9,0
121_3LEV,0.41,0
122_3LEV,0.47,0
123_3LEV,0.73,0
124_3LEV,0.0,0
125_3LEV,0.51,0
126_3LEV,0.67,0
127_3LEV,0.0,0
128_3LEV,0.54,0
129_3LEV,0.63,0
130_3LEV,0.76,0
131_3LEV,0.0,0
132_3LEV,0.58,0
133_3LEV,0.75,0
134_3LEV,0.78,0
135_3LEV,0.0,0
136_3LEV,0.66,0
137_3LEV,0.56,0
138_3LEV,0.54,0
139_3LEV,0.56,0
140_3LEV,0.57,0
141_3LEV,0.62,0
142_3LEV,0.0,0
143_3LEV,0.6,0
144_3LEV,0.6,0
145_3LEV,0.68,0
146_3LEV,0.83,0
147_3LEV,0.59,0
148_3LEV,0.67,0
149_3LEV,0.82,0
150_3LEV,0.79,0
151_3LEV,0.49,0
152_3LEV,0.75,0
153_3LEV,0.53,0
154_3LEV,0.47,0
155_3LEV,0.4,0
156_3LEV,0.0,0
157_3LEV,0.39,0
158_3LEV,0.37,0
159_3LEV,0.0,0
160_3LEV,0.25,0
161_3LEV,0.19,0
162_3LEV,0.28,0
163_3LEV,0.41,0
164_3LEV,0.51,0
165_3LEV,0.69,0
166_3LEV,0.69,0
167_3LEV,0.84,0
168_3LEV,0.89,0
169_3LEV,0.97,0
170_3LEV,0.84,0
171_3LEV,0.74,0
172_3LEV,0.96,0
173_3LEV,0.81,0
174_3LEV,0.7,0
175_3LEV,0.93,0
176_3LEV,0.96,0
177_3LEV,0.81,0
178_3LEV,0.71,0
179_3LEV,0.92,0
180_3LEV,0.88,0
181_3LEV,0.8,0
182_3LEV,0.85,0
183_3LEV,0.94,0
184_3LEV,0.91,0
185_3LEV,0.87,0
186_3LEV,0.94,0
187_3LEV,0.95,0
188_3LEV,0.92,0
189_3LEV,0.77,0
190_3LEV,0.98,0
191_3LEV,0.98,0
192_3LEV,0.0,0
193_3LEV,0.71,0
194_3LEV,0.88,0
195_3LEV,0.0,0
196_3LEV,0.45,0
197_3LEV,0.72,0
198_3LEV,0.77,0
199_3LEV,0.33,0
200_3LEV,0.32,0
201_3LEV,0.64,0
202_3LEV,0.0,0
203_3LEV,0.27,0
204_3LEV,0.32,0
205_3LEV,0.44,0
206_3LEV,0.0,0
207_3LEV,0.0,0
208_3LEV,0.36,0
209_3LEV,0.37,0
210_3LEV,0.0,0
211_3LEV,0.21,0
212_3LEV,0.24,0
213_3LEV,0.2,0
214_3LEV,0.0,0
215_3LEV,0.15,0
216_3LEV,0.14,0
217_3LEV,0.06,0
218_3LEV,0.1,0
219_3LEV,0.07,0
220_3LEV,0.02,0
221_3LEV,0.03,0
222_3LEV,0.01,0
223_3LEV,0.12,0
224_3LEV,0.16,0
225_3LEV,0.15,0
226_3LEV,0.13,0
227_3LEV,0.0,0
228_3LEV,0.0,0
229_3LEV,0.17,0
230_3LEV,0.11,0
231_3LEV,0.0,0
232_3LEV,0.0,0
233_3LEV,0.17,0
234_3LEV,0.0,0
235_3LEV,0.0,0
236_3LEV,0.2,0
237_3LEV,0.22,0
238_3LEV,0.0,0
239_3LEV,0.45,0
240_3LEV,0.3,0
241_3LEV,0.31,0
242_3LEV,0.42,0
243_3LEV,0.52,0
244_3LEV,0.5,1
245_3LEV,0.65,0
246_3LEV,0.62,0
247_3LEV,0.83,0
248_3LEV,0.73,0
249_3LEV,0.66,0
250_3LEV,0.0,0
251_3LEV,0.55,0
252_3LEV,0.52,0
253_3LEV,0.39,0
254_3LEV,0.0,0
255_3LEV,0.3,0
256_3LEV,0.22,0
257_3LEV,0.18,0
258_3LEV,0.0,0
259_3LEV,0.18,0
260_3LEV,0.13,0
261_3LEV,0.08,0
262_3LEV,0.0,0
263_3LEV,0.11,0
264_3LEV,0.09,0
265_3LEV,0.03,0
266_3LEV,0.01,0
267_3LEV,0.05,0
268_3LEV,0.07,0
269_3LEV,0.05,0
270_3LEV,0.04,0
271_3LEV,0.09,0
0_5CBA,0.73,0
1_5CBA,0.67,0
2_5CBA,0.69,0
3_5CBA,0.49,0
4_5CBA,0.6,0
5_5CBA,0.47,0
6_5CBA,0.56,0
7_5CBA,0.48,0
8_5CBA,0.43,0
9_5CBA,0.35,0
10_5CBA,0.16,0
11_5CBA,0.07,0
12_5CBA,0.04,0
13_5CBA,0.08,0
14_5CBA,0.01,0
15_5CBA,0.03,0
16_5CBA,0.13,0
17_5CBA,0.2,0
18_5CBA,0.32,0
19_5CBA,0.37,0
20_5CBA,0.76,1
21_5CBA,0.57,0
22_5CBA,0.88,0
23_5CBA,0.97,1
24_5CBA,0.96,1
25_5CBA,0.92,0
26_5CBA,0.0,1
27_5CBA,0.65,1
28_5CBA,0.52,1
29_5CBA,0.0,1
30_5CBA,0.36,1
31_5CBA,0.64,0
32_5CBA,0.24,0
33_5CBA,0.45,0
34_5CBA,0.63,0
35_5CBA,0.53,0
36_5CBA,0.41,0
37_5CBA,0.33,0
38_5CBA,0.09,0
39_5CBA,0.19,0
40_5CBA,0.15,0
41_5CBA,0.28,0
42_5CBA,0.12,0
43_5CBA,0.55,0
44_5CBA,0.21,0
45_5CBA,0.0,0
46_5CBA,0.39,0
47_5CBA,0.81,0
48_5CBA,0.51,1
49_5CBA,0.4,0
50_5CBA,0.23,1
51_5CBA,0.29,0
52_5CBA,0.11,0
53_5CBA,0.17,0
54_5CBA,0.05,0
55_5CBA,0.0,0
56_5CBA,0.25,0
57_5CBA,0.27,0
58_5CBA,0.31,0
59_5CBA,0.44,0
60_5CBA,0.75,0
61_5CBA,0.72,1
62_5CBA,0.0,0
63_5CBA,0.59,0
64_5CBA,0.89,1
65_5CBA,0.91,1
66_5CBA,0.87,0
67_5CBA,0.84,0
68_5CBA,1.0,1
69_5CBA,0.68,0
70_5CBA,0.95,0
71_5CBA,0.83,0
72_5CBA,0.85,0
73_5CBA,0.99,0
74_5CBA,0.71,0
75_5CBA,0.79,0
76_5CBA,0.93,0
77_5CBA,0.77,0
78_5CBA,0.8,0
79_5CBA,0.61,0
25_3MXW,0.99,0
26_3MXW,1.0,0
27_3MXW,0.99,0
28_3MXW,0.97,0
29_3MXW,0.95,0
30_3MXW,0.94,0
31_3MXW,0.98,0
32_3MXW,0.96,0
33_3MXW,0.95,0
34_3MXW,0.93,0
35_3MXW,0.92,0
36_3MXW,0.92,0
37_3MXW,0.91,0
38_3MXW,0.88,0
39_3MXW,0.87,0
40_3MXW,0.81,0
41_3MXW,0.27,0
42_3MXW,0.0,0
43_3MXW,0.11,0
44_3MXW,0.03,1
45_3MXW,0.01,1
46_3MXW,0.02,0
47_3MXW,0.16,0
48_3MXW,0.2,0
49_3MXW,0.24,0
50_3MXW,0.13,0
51_3MXW,0.14,0
52_3MXW,0.13,0
53_3MXW,0.22,0
54_3MXW,0.29,0
55_3MXW,0.24,0
56_3MXW,0.25,0
57_3MXW,0.27,0
58_3MXW,0.0,0
59_3MXW,0.0,0
60_3MXW,0.37,0
61_3MXW,0.48,0
62_3MXW,0.63,0
63_3MXW,0.52,0
64_3MXW,0.66,0
65_3MXW,0.74,0
66_3MXW,0.65,0
67_3MXW,0.77,0
68_3MXW,0.75,0
69_3MXW,0.6,0
70_3MXW,0.56,0
71_3MXW,0.56,0
72_3MXW,0.41,0
73_3MXW,0.58,0
74_3MXW,0.43,0
75_3MXW,0.36,0
76_3MXW,0.0,0
77_3MXW,0.45,0
78_3MXW,0.55,0
79_3MXW,0.0,0
80_3MXW,0.67,0
81_3MXW,0.51,0
82_3MXW,0.42,0
83_3MXW,0.46,0
84_3MXW,0.0,0
85_3MXW,0.38,0
86_3MXW,0.0,0
87_3MXW,0.4,1
88_3MXW,0.53,0
89_3MXW,0.7,0
90_3MXW,0.81,0
91_3MXW,0.78,0
92_3MXW,0.79,0
93_3MXW,0.68,0
94_3MXW,0.67,0
95_3MXW,0.54,0
96_3MXW,0.62,0
97_3MXW,0.59,0
98_3MXW,0.0,0
99_3MXW,0.32,0
100_3MXW,0.47,0
101_3MXW,0.33,0
102_3MXW,0.0,0
103_3MXW,0.52,0
104_3MXW,0.59,0
105_3MXW,0.63,0
106_3MXW,0.0,0
107_3MXW,0.61,0
108_3MXW,0.8,0
109_3MXW,0.0,0
110_3MXW,0.0,0
111_3MXW,0.73,0
112_3MXW,0.85,0
113_3MXW,0.0,0
114_3MXW,0.76,0
115_3MXW,0.89,0
116_3MXW,0.72,0
117_3MXW,0.42,0
118_3MXW,0.71,0
119_3MXW,0.44,0
120_3MXW,0.31,0
121_3MXW,0.34,0
122_3MXW,0.0,0
123_3MXW,0.31,1
124_3MXW,0.0,0
125_3MXW,0.26,1
126_3MXW,0.49,1
127_3MXW,0.69,0
128_3MXW,0.0,0
129_3MXW,0.0,0
130_3MXW,0.82,0
131_3MXW,0.86,1
132_3MXW,0.9,1
133_3MXW,0.83,1
134_3MXW,0.74,1
135_3MXW,0.88,1
136_3MXW,0.84,1
137_3MXW,0.7,0
138_3MXW,0.45,0
139_3MXW,0.34,0
140_3MXW,0.0,0
141_3MXW,0.57,0
142_3MXW,0.0,0
143_3MXW,0.35,0
144_3MXW,0.0,0
145_3MXW,0.0,0
146_3MXW,0.0,0
147_3MXW,0.23,1
148_3MXW,0.0,0
149_3MXW,0.0,0
150_3MXW,0.0,0
151_3MXW,0.2,0
152_3MXW,0.15,0
153_3MXW,0.17,1
154_3MXW,0.08,0
155_3MXW,0.06,1
156_3MXW,0.04,0
157_3MXW,0.19,0
158_3MXW,0.0,0
159_3MXW,0.17,0
160_3MXW,0.5,0
161_3MXW,0.0,0
162_3MXW,0.0,0
163_3MXW,0.28,0
164_3MXW,0.77,0
165_3MXW,0.0,0
166_3MXW,0.49,0
167_3MXW,0.64,0
168_3MXW,0.0,0
169_3MXW,0.84,0
170_3MXW,0.0,0
171_3MXW,0.21,0
172_3MXW,0.09,0
173_3MXW,0.0,0
174_3MXW,0.12,1
175_3MXW,0.02,0
176_3MXW,0.1,1
177_3MXW,0.06,1
178_3MXW,0.05,1
179_3MXW,0.07,1
180_3MXW,0.09,1
181_3MXW,0.0,0
182_3MXW,0.18,0
183_3MXW,0.0,0
184_3MXW,0.0,0
185_3MXW,0.0,0
186_3MXW,0.3,0
187_3MXW,0.38,0
188_3MXW,0.39,0
28_3NH7,1.0,0
29_3NH7,0.99,0
30_3NH7,0.94,0
31_3NH7,0.97,0
32_3NH7,0.83,0
33_3NH7,0.85,0
34_3NH7,0.79,0
35_3NH7,0.8,0
36_3NH7,0.64,0
37_3NH7,0.47,0
38_3NH7,0.0,0
39_3NH7,0.2,0
40_3NH7,0.0,0
41_3NH7,0.19,0
42_3NH7,0.4,0
43_3NH7,0.27,1
44_3NH7,0.05,0
45_3NH7,0.11,0
46_3NH7,0.25,0
47_3NH7,0.26,0
48_3NH7,0.31,0
49_3NH7,0.43,0
50_3NH7,0.36,0
51_3NH7,0.28,0
52_3NH7,0.34,0
53_3NH7,0.33,0
54_3NH7,0.57,0
55_3NH7,0.0,0
56_3NH7,0.7,0
57_3NH7,0.65,0
58_3NH7,0.48,0
59_3NH7,0.0,0
60_3NH7,0.08,1
61_3NH7,0.07,0
62_3NH7,0.35,1
63_3NH7,0.53,0
64_3NH7,0.55,1
65_3NH7,0.74,0
66_3NH7,0.58,0
67_3NH7,0.61,1
68_3NH7,0.67,0
69_3NH7,0.78,0
70_3NH7,0.68,0
71_3NH7,0.62,0
72_3NH7,0.39,0
73_3NH7,0.38,0
74_3NH7,0.29,1
75_3NH7,0.09,0
76_3NH7,0.13,0
77_3NH7,0.14,1
78_3NH7,0.15,1
79_3NH7,0.59,1
80_3NH7,0.76,1
81_3NH7,0.63,1
82_3NH7,0.75,0
83_3NH7,0.54,0
84_3NH7,0.72,1
85_3NH7,0.45,0
86_3NH7,0.06,1
87_3NH7,0.02,0
88_3NH7,0.1,0
89_3NH7,0.12,0
90_3NH7,0.16,1
91_3NH7,0.24,1
92_3NH7,0.32,1
93_3NH7,0.46,1
94_3NH7,0.69,1
95_3NH7,0.66,1
96_3NH7,0.73,1
97_3NH7,0.6,1
98_3NH7,0.52,0
99_3NH7,0.42,0
100_3NH7,0.22,0
101_3NH7,0.01,0
102_3NH7,0.03,0
103_3NH7,0.44,0
104_3NH7,0.37,0
105_3NH7,0.41,0
106_3NH7,0.23,0
107_3NH7,0.04,0
108_3NH7,0.0,0
109_3NH7,0.21,0
110_3NH7,0.3,0
111_3NH7,0.18,0
112_3NH7,0.51,0
113_3NH7,0.49,0
114_3NH7,0.56,0
115_3NH7,0.71,0
116_3NH7,0.77,0
117_3NH7,0.82,0
118_3NH7,0.81,0
119_3NH7,0.89,0
120_3NH7,0.98,0
121_3NH7,0.92,0
122_3NH7,0.95,0
123_3NH7,0.96,0
124_3NH7,0.93,0
125_3NH7,0.91,0
126_3NH7,0.9,0
127_3NH7,0.87,0
128_3NH7,0.88,0
129_3NH7,0.86,0
229_5JQ6,0.01,0
230_5JQ6,0.02,0
231_5JQ6,0.04,0
232_5JQ6,0.07,0
233_5JQ6,0.4,0
234_5JQ6,0.59,0
235_5JQ6,0.38,0
236_5JQ6,0.0,0
237_5JQ6,0.75,0
238_5JQ6,0.87,0
239_5JQ6,0.9,0
240_5JQ6,0.99,0
241_5JQ6,0.0,0
242_5JQ6,0.99,0
243_5JQ6,0.0,0
244_5JQ6,0.98,0
245_5JQ6,0.0,0
246_5JQ6,0.97,0
247_5JQ6,0.94,0
248_5JQ6,0.89,0
249_5JQ6,0.0,0
250_5JQ6,0.62,0
251_5JQ6,0.47,0
252_5JQ6,0.29,0
253_5JQ6,0.39,0
254_5JQ6,0.45,0
255_5JQ6,0.0,0
256_5JQ6,0.79,0
257_5JQ6,0.0,0
258_5JQ6,0.93,0
259_5JQ6,0.0,0
260_5JQ6,0.95,0
261_5JQ6,0.0,0
262_5JQ6,0.94,0
263_5JQ6,0.0,0
264_5JQ6,0.76,0
265_5JQ6,0.02,0
266_5JQ6,0.27,0
267_5JQ6,0.26,0
268_5JQ6,0.1,0
269_5JQ6,0.0,0
270_5JQ6,0.04,0
271_5JQ6,0.03,0
272_5JQ6,0.02,0
273_5JQ6,0.01,0
274_5JQ6,0.03,0
275_5JQ6,0.0,0
276_5JQ6,0.16,0
277_5JQ6,0.0,0
278_5JQ6,0.5,0
279_5JQ6,0.52,0
280_5JQ6,0.76,0
281_5JQ6,0.46,0
282_5JQ6,0.78,0
283_5JQ6,0.0,0
284_5JQ6,0.32,0
285_5JQ6,0.41,0
286_5JQ6,0.43,0
287_5JQ6,0.36,0
288_5JQ6,0.23,0
289_5JQ6,0.26,0
290_5JQ6,0.34,0
291_5JQ6,0.32,0
292_5JQ6,0.32,0
293_5JQ6,0.27,0
294_5JQ6,0.15,0
295_5JQ6,0.36,0
296_5JQ6,0.28,0
297_5JQ6,0.0,0
298_5JQ6,0.53,0
299_5JQ6,0.55,0
300_5JQ6,0.53,0
301_5JQ6,0.22,0
302_5JQ6,0.19,0
303_5JQ6,0.17,0
304_5JQ6,0.0,0
305_5JQ6,0.0,0
306_5JQ6,0.09,0
307_5JQ6,0.0,0
308_5JQ6,0.11,0
309_5JQ6,0.13,0
310_5JQ6,0.22,0
311_5JQ6,0.26,0
312_5JQ6,0.18,0
313_5JQ6,0.33,0
314_5JQ6,0.24,0
315_5JQ6,0.0,0
316_5JQ6,0.05,0
317_5JQ6,0.0,0
318_5JQ6,0.04,0
319_5JQ6,0.0,0
320_5JQ6,0.06,0
321_5JQ6,0.05,0
322_5JQ6,0.2,0
323_5JQ6,0.0,0
324_5JQ6,0.12,0
325_5JQ6,0.22,0
326_5JQ6,0.28,0
327_5JQ6,0.3,0
328_5JQ6,0.46,0
329_5JQ6,0.59,0
330_5JQ6,0.77,0
331_5JQ6,0.0,0
332_5JQ6,0.83,0
333_5JQ6,0.77,0
334_5JQ6,0.86,0
335_5JQ6,0.0,0
336_5JQ6,0.68,0
337_5JQ6,0.0,0
338_5JQ6,0.35,0
339_5JQ6,0.0,0
340_5JQ6,0.21,0
341_5JQ6,0.37,0
342_5JQ6,0.42,0
343_5JQ6,0.64,0
344_5JQ6,0.0,0
345_5JQ6,0.67,0
346_5JQ6,0.74,0
347_5JQ6,0.72,0
348_5JQ6,0.83,0
349_5JQ6,0.9,0
350_5JQ6,0.87,0
351_5JQ6,0.91,0
352_5JQ6,0.0,0
353_5JQ6,0.84,0
354_5JQ6,0.0,0
355_5JQ6,0.0,0
356_5JQ6,0.0,0
357_5JQ6,0.82,0
358_5JQ6,0.91,0
359_5JQ6,0.92,0
360_5JQ6,0.93,0
361_5JQ6,0.98,0
362_5JQ6,0.97,0
363_5JQ6,0.95,0
364_5JQ6,0.97,0
365_5JQ6,0.0,0
366_5JQ6,0.85,0
367_5JQ6,0.0,0
368_5JQ6,0.73,0
369_5JQ6,0.0,0
370_5JQ6,0.4,0
371_5JQ6,0.45,0
372_5JQ6,0.51,0
373_5JQ6,0.75,0
374_5JQ6,0.78,0
375_5JQ6,0.89,0
376_5JQ6,0.96,0
377_5JQ6,0.91,0
378_5JQ6,0.0,0
379_5JQ6,0.0,0
380_5JQ6,0.0,0
381_5JQ6,0.0,0
382_5JQ6,0.0,0
383_5JQ6,0.0,0
384_5JQ6,0.0,0
385_5JQ6,0.17,0
386_5JQ6,0.55,0
387_5JQ6,0.53,0
388_5JQ6,0.56,0
389_5JQ6,0.74,0
390_5JQ6,0.8,0
391_5JQ6,0.69,0
392_5JQ6,0.69,0
393_5JQ6,0.66,0
394_5JQ6,0.0,0
395_5JQ6,0.43,0
396_5JQ6,0.08,0
397_5JQ6,0.3,0
398_5JQ6,0.0,0
399_5JQ6,0.34,0
400_5JQ6,0.0,0
401_5JQ6,0.0,0
402_5JQ6,0.0,0
403_5JQ6,0.7,0
404_5JQ6,0.61,0
405_5JQ6,0.87,0
406_5JQ6,0.88,0
407_5JQ6,0.0,0
408_5JQ6,0.85,1
409_5JQ6,0.81,0
410_5JQ6,0.81,0
411_5JQ6,0.55,0
412_5JQ6,0.0,0
413_5JQ6,0.0,0
414_5JQ6,0.65,0
415_5JQ6,0.42,0
416_5JQ6,0.3,0
417_5JQ6,0.29,0
418_5JQ6,0.36,0
419_5JQ6,0.44,0
420_5JQ6,0.31,0
421_5JQ6,0.51,0
422_5JQ6,0.0,0
423_5JQ6,0.0,0
424_5JQ6,0.0,0
425_5JQ6,0.44,0
426_5JQ6,0.0,0
427_5JQ6,0.63,0
428_5JQ6,0.69,1
429_5JQ6,0.71,1
430_5JQ6,0.61,0
431_5JQ6,0.0,1
432_5JQ6,0.63,1
433_5JQ6,0.0,1
434_5JQ6,0.31,1
435_5JQ6,0.0,0
436_5JQ6,0.14,0
437_5JQ6,0.12,0
438_5JQ6,0.0,0
439_5JQ6,0.06,0
440_5JQ6,0.16,0
441_5JQ6,0.18,0
442_5JQ6,0.19,0
443_5JQ6,0.15,0
444_5JQ6,0.1,0
445_5JQ6,0.38,0
446_5JQ6,0.4,0
447_5JQ6,0.0,0
448_5JQ6,0.16,0
449_5JQ6,0.21,0
450_5JQ6,0.0,0
451_5JQ6,0.14,0
452_5JQ6,0.13,0
453_5JQ6,0.11,0
454_5JQ6,0.07,0
455_5JQ6,0.08,0
456_5JQ6,0.08,0
457_5JQ6,0.06,0
458_5JQ6,0.12,0
459_5JQ6,0.2,0
460_5JQ6,0.24,1
461_5JQ6,0.33,0
462_5JQ6,0.0,0
463_5JQ6,0.39,1
464_5JQ6,0.48,1
465_5JQ6,0.65,1
466_5JQ6,0.6,1
467_5JQ6,0.59,1
468_5JQ6,0.57,1
469_5JQ6,0.67,0
470_5JQ6,0.57,0
471_5JQ6,0.0,0
472_5JQ6,0.0,0
473_5JQ6,0.54,1
474_5JQ6,0.0,0
475_5JQ6,0.48,0
476_5JQ6,0.0,0
477_5JQ6,0.44,1
478_5JQ6,0.37,0
479_5JQ6,0.52,1
480_5JQ6,0.71,0
481_5JQ6,0.79,1
482_5JQ6,0.81,0
483_5JQ6,0.0,0
484_5JQ6,0.68,0
485_5JQ6,0.28,0
486_5JQ6,0.09,0
487_5JQ6,0.1,0
488_5JQ6,0.14,0
489_5JQ6,0.0,0
490_5JQ6,0.25,0
491_5JQ6,0.0,0
492_5JQ6,0.58,0
493_5JQ6,0.0,0
494_5JQ6,0.7,0
495_5JQ6,0.0,0
496_5JQ6,0.64,0
497_5JQ6,0.65,0
498_5JQ6,0.61,0
499_5JQ6,0.54,0
500_5JQ6,0.66,0
501_5JQ6,0.48,0
502_5JQ6,0.57,0
503_5JQ6,0.0,0
504_5JQ6,0.0,0
505_5JQ6,0.2,0
506_5JQ6,0.18,0
507_5JQ6,0.42,0
508_5JQ6,0.0,0
509_5JQ6,0.0,0
510_5JQ6,0.0,1
511_5JQ6,0.0,0
512_5JQ6,0.82,1
513_5JQ6,0.99,0
514_5JQ6,1.0,0
515_5JQ6,1.0,0
516_5JQ6,0.96,0
517_5JQ6,0.95,0
518_5JQ6,0.0,1
519_5JQ6,0.92,0
520_5JQ6,0.84,0
521_5JQ6,0.73,0
522_5JQ6,0.0,0
523_5JQ6,0.0,0
524_5JQ6,0.0,0
525_5JQ6,0.0,0
526_5JQ6,0.35,0
527_5JQ6,0.56,0
528_5JQ6,0.63,0
529_5JQ6,0.62,0
530_5JQ6,0.79,0
531_5JQ6,0.77,0
532_5JQ6,0.89,0
533_5JQ6,0.93,0
534_5JQ6,0.86,0
535_5JQ6,0.8,0
536_5JQ6,0.73,0
537_5JQ6,0.72,0
538_5JQ6,0.5,0
539_5JQ6,0.24,0
540_5JQ6,0.23,0
541_5JQ6,0.25,0
542_5JQ6,0.34,0
543_5JQ6,0.38,0
544_5JQ6,0.6,0
545_5JQ6,0.0,0
546_5JQ6,0.71,0
547_5JQ6,0.75,0
548_5JQ6,0.0,0
549_5JQ6,0.67,0
550_5JQ6,0.83,0
551_5JQ6,0.88,0
552_5JQ6,0.85,0
553_5JQ6,0.58,0
554_5JQ6,0.51,0
555_5JQ6,0.49,0
556_5JQ6,0.49,0
557_5JQ6,0.47,0
558_5JQ6,0.0,0
559_5JQ6,0.46,0
560_5JQ6,0.41,0
2_4ETQ,0.5,0
3_4ETQ,0.43,0
4_4ETQ,0.0,0
5_4ETQ,0.66,1
6_4ETQ,0.0,0
7_4ETQ,0.0,0
8_4ETQ,0.0,0
9_4ETQ,0.58,0
10_4ETQ,0.0,0
11_4ETQ,0.31,0
12_4ETQ,0.38,0
13_4ETQ,0.3,0
14_4ETQ,0.26,0
15_4ETQ,0.25,0
16_4ETQ,0.21,0
17_4ETQ,0.09,0
18_4ETQ,0.03,0
19_4ETQ,0.05,0
20_4ETQ,0.18,0
21_4ETQ,0.02,0
22_4ETQ,0.11,0
23_4ETQ,0.19,0
24_4ETQ,0.37,0
25_4ETQ,0.6,0
26_4ETQ,0.67,0
27_4ETQ,0.93,0
28_4ETQ,0.0,0
29_4ETQ,0.98,0
30_4ETQ,1.0,0
31_4ETQ,0.0,0
32_4ETQ,0.98,0
33_4ETQ,0.0,0
34_4ETQ,0.95,0
35_4ETQ,0.78,0
36_4ETQ,0.0,0
37_4ETQ,0.4,0
38_4ETQ,0.0,0
39_4ETQ,0.72,1
40_4ETQ,0.0,1
41_4ETQ,0.77,1
42_4ETQ,0.68,0
43_4ETQ,0.0,0
44_4ETQ,0.42,1
45_4ETQ,0.0,0
46_4ETQ,0.88,0
47_4ETQ,0.0,0
48_4ETQ,0.96,0
49_4ETQ,0.97,0
50_4ETQ,0.0,0
51_4ETQ,0.9,0
52_4ETQ,0.0,0
53_4ETQ,0.58,0
54_4ETQ,0.51,0
55_4ETQ,0.0,0
56_4ETQ,0.17,0
57_4ETQ,0.0,0
58_4ETQ,0.23,0
59_4ETQ,0.46,0
60_4ETQ,0.8,0
61_4ETQ,0.0,0
62_4ETQ,0.84,0
63_4ETQ,0.0,0
64_4ETQ,0.87,0
65_4ETQ,0.89,0
66_4ETQ,0.0,0
67_4ETQ,0.55,0
68_4ETQ,0.0,0
69_4ETQ,0.64,0
70_4ETQ,0.0,0
71_4ETQ,0.0,0
72_4ETQ,0.52,0
73_4ETQ,0.29,0
74_4ETQ,0.11,0
75_4ETQ,0.15,0
76_4ETQ,0.71,0
77_4ETQ,0.0,0
78_4ETQ,0.0,0
79_4ETQ,0.0,0
80_4ETQ,0.0,0
81_4ETQ,0.76,0
82_4ETQ,0.24,0
83_4ETQ,0.48,0
84_4ETQ,0.65,0
85_4ETQ,0.76,0
86_4ETQ,0.0,0
87_4ETQ,0.53,0
88_4ETQ,0.0,0
89_4ETQ,0.0,0
90_4ETQ,0.0,0
91_4ETQ,0.0,0
92_4ETQ,0.0,0
93_4ETQ,0.0,0
94_4ETQ,0.63,0
95_4ETQ,0.0,0
96_4ETQ,0.85,0
97_4ETQ,0.0,0
98_4ETQ,0.63,0
99_4ETQ,0.53,0
100_4ETQ,0.34,0
101_4ETQ,0.36,0
102_4ETQ,0.45,0
103_4ETQ,0.57,0
104_4ETQ,0.69,0
105_4ETQ,0.61,0
106_4ETQ,0.3,0
107_4ETQ,0.0,0
108_4ETQ,0.59,0
109_4ETQ,0.47,0
110_4ETQ,0.38,0
111_4ETQ,0.35,0
112_4ETQ,0.33,0
113_4ETQ,0.0,0
114_4ETQ,0.0,0
115_4ETQ,0.4,0
116_4ETQ,0.61,0
117_4ETQ,0.0,0
118_4ETQ,0.0,0
119_4ETQ,0.0,0
120_4ETQ,0.0,0
121_4ETQ,0.0,0
122_4ETQ,0.1,0
123_4ETQ,0.13,0
124_4ETQ,0.13,0
125_4ETQ,0.14,0
126_4ETQ,0.34,0
127_4ETQ,0.12,0
128_4ETQ,0.32,0
129_4ETQ,0.51,0
130_4ETQ,0.7,0
131_4ETQ,0.0,0
132_4ETQ,0.28,0
133_4ETQ,0.56,0
134_4ETQ,0.0,0
135_4ETQ,0.0,0
136_4ETQ,0.35,0
137_4ETQ,0.42,0
138_4ETQ,0.0,0
139_4ETQ,0.06,0
140_4ETQ,0.19,0
141_4ETQ,0.0,0
142_4ETQ,0.55,0
143_4ETQ,0.74,0
144_4ETQ,0.67,0
145_4ETQ,0.66,0
146_4ETQ,0.48,0
147_4ETQ,0.22,0
148_4ETQ,0.16,0
149_4ETQ,0.56,0
150_4ETQ,0.0,0
151_4ETQ,0.69,0
152_4ETQ,0.85,0
153_4ETQ,0.92,0
154_4ETQ,0.91,0
155_4ETQ,1.0,0
156_4ETQ,0.0,0
157_4ETQ,0.95,0
158_4ETQ,0.9,0
159_4ETQ,0.0,0
160_4ETQ,0.39,0
161_4ETQ,0.0,0
162_4ETQ,0.5,0
163_4ETQ,0.29,0
164_4ETQ,0.07,0
165_4ETQ,0.08,0
166_4ETQ,0.0,0
167_4ETQ,0.2,0
168_4ETQ,0.03,0
169_4ETQ,0.0,0
170_4ETQ,0.08,0
171_4ETQ,0.0,0
172_4ETQ,0.0,0
173_4ETQ,0.71,0
174_4ETQ,0.87,1
175_4ETQ,0.82,1
176_4ETQ,0.79,1
177_4ETQ,0.62,1
178_4ETQ,0.0,1
179_4ETQ,0.45,1
180_4ETQ,0.0,0
181_4ETQ,0.16,0
182_4ETQ,0.0,0
183_4ETQ,0.0,0
184_4ETQ,0.0,0
185_4ETQ,0.0,0
186_4ETQ,0.32,0
187_4ETQ,0.26,0
188_4ETQ,0.37,0
189_4ETQ,0.27,0
190_4ETQ,0.41,0
191_4ETQ,0.0,0
192_4ETQ,0.14,0
193_4ETQ,0.04,0
194_4ETQ,0.01,0
195_4ETQ,0.01,0
196_4ETQ,0.0,0
197_4ETQ,0.09,0
198_4ETQ,0.05,0
199_4ETQ,0.0,0
200_4ETQ,0.27,0
201_4ETQ,0.59,0
202_4ETQ,0.0,0
203_4ETQ,0.64,0
204_4ETQ,0.84,1
205_4ETQ,0.79,1
206_4ETQ,0.93,0
210_4ETQ,0.99,0
211_4ETQ,0.96,0
212_4ETQ,0.94,0
213_4ETQ,0.92,0
214_4ETQ,0.88,0
215_4ETQ,0.81,1
216_4ETQ,0.75,0
217_4ETQ,0.72,1
218_4ETQ,0.86,0
219_4ETQ,0.77,1
220_4ETQ,0.74,1
221_4ETQ,0.82,1
222_4ETQ,0.83,0
223_4ETQ,0.8,1
224_4ETQ,0.73,1
225_4ETQ,0.54,0
226_4ETQ,0.49,1
227_4ETQ,0.46,1
228_4ETQ,0.44,0
229_4ETQ,0.24,0
230_4ETQ,0.43,0
231_4ETQ,0.22,0
232_4ETQ,0.17,0
233_4ETQ,0.21,0
234_4ETQ,0.06,0
10_3KS0,0.43,0
11_3KS0,0.29,0
12_3KS0,0.11,0
13_3KS0,0.09,0
14_3KS0,0.07,0
15_3KS0,0.02,0
16_3KS0,0.0,0
17_3KS0,0.06,0
18_3KS0,0.01,0
19_3KS0,0.04,0
20_3KS0,0.1,0
21_3KS0,0.21,0
22_3KS0,0.49,0
23_3KS0,0.45,0
24_3KS0,0.14,0
25_3KS0,0.0,0
26_3KS0,0.05,0
27_3KS0,0.0,0
28_3KS0,0.0,0
29_3KS0,0.51,0
30_3KS0,0.53,1
31_3KS0,0.54,0
32_3KS0,0.56,0
33_3KS0,0.0,0
34_3KS0,0.32,0
35_3KS0,0.18,0
36_3KS0,0.67,0
37_3KS0,0.39,0
38_3KS0,0.61,0
39_3KS0,0.59,0
40_3KS0,0.0,0
41_3KS0,0.91,0
42_3KS0,0.83,0
43_3KS0,0.82,0
44_3KS0,0.92,0
45_3KS0,1.0,0
46_3KS0,0.99,0
47_3KS0,0.85,0
48_3KS0,0.97,0
49_3KS0,0.9,0
50_3KS0,0.57,0
51_3KS0,0.81,0
52_3KS0,0.86,0
53_3KS0,0.66,0
54_3KS0,0.48,0
55_3KS0,0.19,0
56_3KS0,0.23,0
57_3KS0,0.13,0
58_3KS0,0.76,0
59_3KS0,0.63,0
60_3KS0,0.62,0
61_3KS0,0.96,0
62_3KS0,0.94,0
63_3KS0,0.71,1
64_3KS0,0.77,1
65_3KS0,0.88,1
66_3KS0,0.87,1
67_3KS0,0.8,1
68_3KS0,0.73,1
69_3KS0,0.75,1
70_3KS0,0.72,1
71_3KS0,0.24,0
72_3KS0,0.58,1
73_3KS0,0.69,0
74_3KS0,0.64,0
75_3KS0,0.35,0
76_3KS0,0.26,0
77_3KS0,0.37,0
78_3KS0,0.3,0
79_3KS0,0.2,0
80_3KS0,0.52,0
81_3KS0,0.25,0
82_3KS0,0.42,0
83_3KS0,0.47,0
84_3KS0,0.0,0
85_3KS0,0.38,0
86_3KS0,0.4,0
87_3KS0,0.28,0
88_3KS0,0.0,0
89_3KS0,0.15,0
90_3KS0,0.34,0
91_3KS0,0.33,0
92_3KS0,0.16,0
93_3KS0,0.44,0
94_3KS0,0.0,0
95_3KS0,0.68,0
96_3KS0,0.78,0
97_3KS0,0.95,0
1_3LD8,1.0,0
2_3LD8,1.0,0
3_3LD8,1.0,0
4_3LD8,0.96,0
5_3LD8,0.91,0
6_3LD8,0.87,0
7_3LD8,0.88,0
8_3LD8,0.8,0
9_3LD8,0.63,0
10_3LD8,0.67,0
11_3LD8,0.7,0
12_3LD8,0.52,0
13_3LD8,0.49,0
14_3LD8,0.64,0
15_3LD8,0.5,0
16_3LD8,0.36,0
17_3LD8,0.32,0
18_3LD8,0.36,0
19_3LD8,0.41,0
20_3LD8,0.0,0
21_3LD8,0.36,0
22_3LD8,0.43,0
23_3LD8,0.46,0
24_3LD8,0.43,0
25_3LD8,0.39,0
26_3LD8,0.0,0
27_3LD8,0.57,0
28_3LD8,0.53,0
29_3LD8,0.59,0
30_3LD8,0.56,0
31_3LD8,0.53,0
32_3LD8,0.58,0
33_3LD8,0.54,0
34_3LD8,0.55,0
35_3LD8,0.4,0
36_3LD8,0.34,0
37_3LD8,0.23,0
38_3LD8,0.2,0
39_3LD8,0.05,0
40_3LD8,0.01,0
41_3LD8,0.1,0
42_3LD8,0.0,0
43_3LD8,0.12,0
44_3LD8,0.05,0
45_3LD8,0.09,0
46_3LD8,0.0,0
47_3LD8,0.01,0
48_3LD8,0.01,0
49_3LD8,0.02,0
50_3LD8,0.06,0
51_3LD8,0.14,0
52_3LD8,0.08,0
53_3LD8,0.06,1
54_3LD8,0.04,0
55_3LD8,0.03,1
56_3LD8,0.03,0
57_3LD8,0.08,1
58_3LD8,0.05,1
59_3LD8,0.0,0
60_3LD8,0.07,0
61_3LD8,0.07,1
62_3LD8,0.03,1
63_3LD8,0.02,0
64_3LD8,0.17,0
65_3LD8,0.11,1
66_3LD8,0.17,0
67_3LD8,0.22,0
68_3LD8,0.1,0
69_3LD8,0.09,0
70_3LD8,0.0,0
71_3LD8,0.0,0
72_3LD8,0.0,0
73_3LD8,0.12,0
74_3LD8,0.15,0
75_3LD8,0.0,0
76_3LD8,0.26,0
77_3LD8,0.24,0
78_3LD8,0.31,0
79_3LD8,0.5,0
80_3LD8,0.58,0
81_3LD8,0.0,0
82_3LD8,0.49,0
83_3LD8,0.72,0
84_3LD8,0.74,0
85_3LD8,0.0,0
86_3LD8,0.61,0
87_3LD8,0.72,0
88_3LD8,0.82,0
89_3LD8,0.83,0
90_3LD8,0.0,0
91_3LD8,0.91,0
92_3LD8,0.89,0
93_3LD8,0.88,0
94_3LD8,0.0,0
95_3LD8,0.94,0
96_3LD8,0.93,0
97_3LD8,0.84,0
98_3LD8,0.73,0
99_3LD8,0.0,0
100_3LD8,0.56,0
101_3LD8,0.0,0
102_3LD8,0.4,0
103_3LD8,0.33,0
104_3LD8,0.3,0
105_3LD8,0.35,0
106_3LD8,0.37,0
107_3LD8,0.44,0
108_3LD8,0.47,0
109_3LD8,0.45,0
110_3LD8,0.51,0
111_3LD8,0.65,0
112_3LD8,0.77,0
113_3LD8,0.89,0
114_3LD8,0.0,0
115_3LD8,0.97,0
116_3LD8,0.88,0
117_3LD8,0.0,0
118_3LD8,0.95,0
119_3LD8,0.89,0
120_3LD8,0.0,0
121_3LD8,0.0,0
122_3LD8,0.85,0
123_3LD8,0.9,0
124_3LD8,0.0,0
125_3LD8,0.76,0
126_3LD8,0.57,0
127_3LD8,0.0,0
128_3LD8,0.46,0
129_3LD8,0.0,0
130_3LD8,0.0,0
131_3LD8,0.31,0
132_3LD8,0.0,0
133_3LD8,0.34,0
134_3LD8,0.0,0
135_3LD8,0.5,0
136_3LD8,0.59,0
137_3LD8,0.0,0
138_3LD8,0.0,0
139_3LD8,0.65,0
140_3LD8,0.8,0
141_3LD8,0.91,0
142_3LD8,0.92,0
143_3LD8,0.78,0
144_3LD8,0.76,0
145_3LD8,0.84,0
146_3LD8,0.0,0
147_3LD8,0.6,0
148_3LD8,0.68,0
149_3LD8,0.66,0
150_3LD8,0.0,0
151_3LD8,0.23,0
152_3LD8,0.17,0
153_3LD8,0.0,0
154_3LD8,0.1,0
155_3LD8,0.0,0
156_3LD8,0.0,0
157_3LD8,0.08,0
158_3LD8,0.16,1
159_3LD8,0.18,0
160_3LD8,0.26,0
161_3LD8,0.29,0
162_3LD8,0.24,0
163_3LD8,0.41,0
164_3LD8,0.0,0
165_3LD8,0.57,0
166_3LD8,0.46,0
167_3LD8,0.63,0
168_3LD8,0.7,0
169_3LD8,0.61,0
170_3LD8,0.51,0
171_3LD8,0.32,0
172_3LD8,0.26,0
173_3LD8,0.28,0
174_3LD8,0.31,0
175_3LD8,0.0,0
176_3LD8,0.34,0
177_3LD8,0.0,0
178_3LD8,0.0,0
179_3LD8,0.0,0
180_3LD8,0.32,0
181_3LD8,0.35,0
182_3LD8,0.0,0
183_3LD8,0.0,0
184_3LD8,0.29,0
185_3LD8,0.41,0
186_3LD8,0.0,0
187_3LD8,0.45,0
188_3LD8,0.38,0
189_3LD8,0.25,0
190_3LD8,0.3,0
191_3LD8,0.54,0
192_3LD8,0.39,0
193_3LD8,0.2,0
194_3LD8,0.14,0
195_3LD8,0.13,0
196_3LD8,0.0,0
197_3LD8,0.16,0
198_3LD8,0.0,0
199_3LD8,0.0,0
200_3LD8,0.0,0
201_3LD8,0.33,0
202_3LD8,0.21,0
203_3LD8,0.13,0
204_3LD8,0.0,0
205_3LD8,0.12,0
206_3LD8,0.0,0
207_3LD8,0.0,0
208_3LD8,0.0,0
209_3LD8,0.0,0
210_3LD8,0.6,0
211_3LD8,0.6,0
212_3LD8,0.82,0
213_3LD8,0.0,0
214_3LD8,0.81,0
215_3LD8,0.79,0
216_3LD8,0.81,0
217_3LD8,0.75,0
218_3LD8,0.0,0
219_3LD8,0.69,0
220_3LD8,0.0,0
221_3LD8,0.71,0
222_3LD8,0.67,0
223_3LD8,0.62,0
224_3LD8,0.62,0
225_3LD8,0.52,0
226_3LD8,0.55,0
227_3LD8,0.44,0
228_3LD8,0.47,0
229_3LD8,0.51,0
230_3LD8,0.48,0
231_3LD8,0.43,0
232_3LD8,0.0,0
233_3LD8,0.0,0
234_3LD8,0.55,0
235_3LD8,0.0,0
236_3LD8,0.0,0
237_3LD8,0.64,0
238_3LD8,0.65,0
239_3LD8,0.0,0
240_3LD8,0.38,0
241_3LD8,0.53,0
242_3LD8,0.68,0
243_3LD8,0.0,0
244_3LD8,0.38,0
245_3LD8,0.69,0
246_3LD8,0.73,0
247_3LD8,0.79,0
248_3LD8,0.82,0
249_3LD8,0.79,0
250_3LD8,0.69,0
251_3LD8,0.77,0
252_3LD8,0.72,0
253_3LD8,0.48,0
254_3LD8,0.42,0
255_3LD8,0.24,0
256_3LD8,0.15,0
257_3LD8,0.0,0
258_3LD8,0.04,0
259_3LD8,0.0,0
260_3LD8,0.07,0
261_3LD8,0.22,0
262_3LD8,0.19,0
263_3LD8,0.11,0
264_3LD8,0.0,0
265_3LD8,0.0,0
266_3LD8,0.0,0
267_3LD8,0.13,0
268_3LD8,0.0,0
269_3LD8,0.27,0
270_3LD8,0.37,0
271_3LD8,0.44,0
272_3LD8,0.28,0
273_3LD8,0.0,0
274_3LD8,0.0,0
275_3LD8,0.22,0
276_3LD8,0.0,0
277_3LD8,0.0,0
278_3LD8,0.0,0
279_3LD8,0.29,0
280_3LD8,0.39,0
281_3LD8,0.0,0
282_3LD8,0.0,0
283_3LD8,0.27,0
284_3LD8,0.0,0
285_3LD8,0.2,0
286_3LD8,0.19,0
287_3LD8,0.21,0
288_3LD8,0.15,0
289_3LD8,0.0,0
290_3LD8,0.18,0
291_3LD8,0.25,1
292_3LD8,0.19,0
293_3LD8,0.0,0
294_3LD8,0.0,0
295_3LD8,0.67,0
296_3LD8,0.62,0
297_3LD8,0.0,0
298_3LD8,0.0,0
299_3LD8,0.86,0
300_3LD8,0.84,0
301_3LD8,0.0,0
302_3LD8,0.93,0
303_3LD8,0.94,0
304_3LD8,0.83,0
305_3LD8,0.74,0
306_3LD8,0.92,0
307_3LD8,0.85,0
308_3LD8,0.0,0
309_3LD8,0.0,0
310_3LD8,0.86,0
311_3LD8,0.74,0
312_3LD8,0.0,0
313_3LD8,0.86,0
314_3LD8,0.75,0
315_3LD8,0.66,0
316_3LD8,0.0,0
317_3LD8,0.77,0
318_3LD8,0.7,0
319_3LD8,0.48,1
320_3LD8,0.27,1
321_3LD8,0.71,0
322_3LD8,0.58,1
323_3LD8,0.42,0
324_3LD8,0.78,0
325_3LD8,0.76,0
326_3LD8,0.63,1
327_3LD8,0.0,0
328_3LD8,0.94,0
329_3LD8,0.81,0
330_3LD8,0.87,0
331_3LD8,0.98,0
332_3LD8,0.95,0
333_3LD8,0.9,0
334_3LD8,0.93,0
335_3LD8,0.98,0
336_3LD8,0.99,0
337_3LD8,0.99,0
338_3LD8,0.98,0
339_3LD8,0.96,0
340_3LD8,0.97,0
341_3LD8,0.96,0
113_3WKM,0.09,0
114_3WKM,0.13,0
115_3WKM,0.15,0
116_3WKM,0.07,1
117_3WKM,0.01,1
118_3WKM,0.11,0
119_3WKM,0.03,0
120_3WKM,0.01,0
121_3WKM,0.03,0
122_3WKM,0.1,0
123_3WKM,0.25,0
124_3WKM,0.0,0
125_3WKM,0.05,0
126_3WKM,0.0,0
127_3WKM,0.25,0
128_3WKM,0.35,0
129_3WKM,0.38,0
130_3WKM,0.51,0
131_3WKM,0.64,0
132_3WKM,0.73,0
133_3WKM,0.48,0
134_3WKM,0.49,0
135_3WKM,0.0,0
136_3WKM,0.8,0
137_3WKM,0.92,0
138_3WKM,0.94,0
139_3WKM,0.84,0
140_3WKM,0.0,0
141_3WKM,0.68,0
142_3WKM,0.5,0
143_3WKM,0.35,0
144_3WKM,0.0,0
145_3WKM,0.17,0
146_3WKM,0.0,0
147_3WKM,0.45,0
148_3WKM,0.56,0
149_3WKM,0.0,0
150_3WKM,0.85,0
151_3WKM,0.9,0
152_3WKM,0.74,0
153_3WKM,0.51,0
154_3WKM,0.0,0
155_3WKM,0.3,0
156_3WKM,0.11,0
157_3WKM,0.05,0
158_3WKM,0.15,0
159_3WKM,0.27,0
160_3WKM,0.22,0
161_3WKM,0.29,1
162_3WKM,0.54,1
163_3WKM,0.0,0
164_3WKM,0.44,0
165_3WKM,0.52,1
166_3WKM,0.81,0
167_3WKM,0.78,0
168_3WKM,0.62,0
169_3WKM,0.66,0
170_3WKM,0.82,0
171_3WKM,0.76,0
172_3WKM,0.9,0
173_3WKM,0.84,0
174_3WKM,0.91,0
175_3WKM,0.94,0
176_3WKM,0.86,0
177_3WKM,0.0,0
178_3WKM,0.78,0
179_3WKM,0.0,0
180_3WKM,0.37,0
181_3WKM,0.75,0
182_3WKM,0.62,0
183_3WKM,0.6,0
184_3WKM,0.65,0
185_3WKM,0.68,0
186_3WKM,0.96,0
187_3WKM,0.98,0
188_3WKM,0.95,0
189_3WKM,0.97,0
190_3WKM,0.0,0
191_3WKM,0.86,0
192_3WKM,0.0,0
193_3WKM,0.0,0
194_3WKM,0.58,0
195_3WKM,0.52,1
196_3WKM,0.57,0
197_3WKM,0.6,0
198_3WKM,0.43,1
199_3WKM,0.56,0
200_3WKM,0.33,1
201_3WKM,0.24,0
202_3WKM,0.26,0
203_3WKM,0.0,0
204_3WKM,0.08,0
205_3WKM,0.04,0
206_3WKM,0.06,0
207_3WKM,0.02,1
208_3WKM,0.09,0
209_3WKM,0.0,0
210_3WKM,0.21,0
211_3WKM,0.0,0
212_3WKM,0.37,0
213_3WKM,0.59,0
214_3WKM,0.55,0
215_3WKM,0.79,1
216_3WKM,0.8,1
217_3WKM,0.88,0
218_3WKM,0.0,0
219_3WKM,0.74,0
220_3WKM,0.0,0
221_3WKM,0.67,0
222_3WKM,0.72,0
223_3WKM,0.7,0
224_3WKM,0.76,0
225_3WKM,0.0,0
226_3WKM,0.71,0
227_3WKM,0.69,0
228_3WKM,0.41,0
229_3WKM,0.0,0
230_3WKM,0.2,0
231_3WKM,0.0,0
232_3WKM,0.28,0
233_3WKM,0.29,0
234_3WKM,0.14,0
235_3WKM,0.32,0
236_3WKM,0.31,0
237_3WKM,0.13,0
238_3WKM,0.18,0
239_3WKM,0.12,0
240_3WKM,0.17,0
241_3WKM,0.0,0
242_3WKM,0.07,1
243_3WKM,0.19,0
244_3WKM,0.31,0
245_3WKM,0.16,0
246_3WKM,0.47,1
247_3WKM,0.4,0
248_3WKM,0.41,0
249_3WKM,0.34,0
250_3WKM,0.7,1
251_3WKM,0.54,0
252_3WKM,0.0,0
253_3WKM,0.92,0
254_3WKM,0.77,0
255_3WKM,0.61,0
256_3WKM,0.43,0
257_3WKM,0.42,0
258_3WKM,0.36,0
259_3WKM,0.0,0
260_3WKM,0.33,0
261_3WKM,0.0,0
262_3WKM,0.27,0
263_3WKM,0.63,0
264_3WKM,0.58,0
265_3WKM,0.53,0
266_3WKM,0.46,0
267_3WKM,0.39,0
268_3WKM,0.49,0
269_3WKM,0.47,0
270_3WKM,0.45,0
271_3WKM,0.39,0
272_3WKM,0.0,0
273_3WKM,0.66,0
274_3WKM,0.0,0
275_3WKM,0.82,0
276_3WKM,0.83,1
277_3WKM,0.93,1
278_3WKM,1.0,1
279_3WKM,1.0,1
280_3WKM,0.99,1
281_3WKM,0.98,1
282_3WKM,0.88,1
283_3WKM,0.96,1
284_3WKM,0.89,0
285_3WKM,0.72,0
286_3WKM,0.87,0
287_3WKM,0.0,0
288_3WKM,0.64,1
289_3WKM,0.21,1
290_3WKM,0.23,0
291_3WKM,0.19,0
292_3WKM,0.23,0
27_5FB8,0.05,0
28_5FB8,0.04,0
29_5FB8,0.02,0
30_5FB8,0.01,0
31_5FB8,0.06,0
32_5FB8,0.12,0
33_5FB8,0.17,0
34_5FB8,0.24,0
35_5FB8,0.55,0
36_5FB8,0.76,0
37_5FB8,0.51,0
38_5FB8,0.81,1
39_5FB8,0.7,1
40_5FB8,0.6,1
41_5FB8,0.5,0
42_5FB8,0.0,1
43_5FB8,0.56,1
44_5FB8,0.0,1
45_5FB8,0.58,1
46_5FB8,0.0,1
47_5FB8,0.77,0
48_5FB8,0.79,0
49_5FB8,0.92,0
50_5FB8,0.95,0
51_5FB8,0.93,1
52_5FB8,0.99,0
53_5FB8,0.97,1
54_5FB8,1.0,0
55_5FB8,0.96,0
56_5FB8,0.63,0
57_5FB8,0.64,0
58_5FB8,0.41,0
59_5FB8,0.0,0
60_5FB8,0.49,0
61_5FB8,0.0,0
62_5FB8,0.46,0
63_5FB8,0.52,1
64_5FB8,0.66,0
65_5FB8,0.67,1
66_5FB8,0.74,1
67_5FB8,0.85,0
68_5FB8,0.71,0
69_5FB8,0.68,0
70_5FB8,0.8,0
71_5FB8,0.83,0
72_5FB8,0.54,0
73_5FB8,0.45,0
74_5FB8,0.47,0
75_5FB8,0.0,0
76_5FB8,0.29,0
77_5FB8,0.2,0
78_5FB8,0.27,0
79_5FB8,0.26,0
80_5FB8,0.0,0
81_5FB8,0.31,0
82_5FB8,0.0,0
83_5FB8,0.25,0
84_5FB8,0.18,0
85_5FB8,0.0,0
86_5FB8,0.21,0
87_5FB8,0.22,0
88_5FB8,0.0,0
89_5FB8,0.39,0
90_5FB8,0.0,0
91_5FB8,0.62,0
92_5FB8,0.84,0
93_5FB8,0.72,0
94_5FB8,0.91,1
95_5FB8,0.88,1
96_5FB8,0.89,1
97_5FB8,0.87,1
98_5FB8,0.0,0
99_5FB8,0.75,1
100_5FB8,0.59,0
101_5FB8,0.42,0
102_5FB8,0.0,1
103_5FB8,0.38,0
104_5FB8,0.35,0
105_5FB8,0.3,0
106_5FB8,0.33,0
107_5FB8,0.34,0
108_5FB8,0.43,0
109_5FB8,0.37,0
110_5FB8,0.0,0
111_5FB8,0.16,0
112_5FB8,0.0,0
113_5FB8,0.1,0
114_5FB8,0.0,0
115_5FB8,0.09,0
116_5FB8,0.14,0
117_5FB8,0.13,0
118_5FB8,0.08,0
1_2JEL,0.97,1
2_2JEL,0.92,1
3_2JEL,0.89,1
4_2JEL,0.81,1
5_2JEL,0.73,0
6_2JEL,0.61,0
7_2JEL,0.47,0
8_2JEL,0.0,0
9_2JEL,0.06,0
10_2JEL,0.03,0
11_2JEL,0.01,0
12_2JEL,0.14,0
13_2JEL,0.0,0
14_2JEL,0.0,0
15_2JEL,0.18,0
16_2JEL,0.37,0
17_2JEL,0.15,0
18_2JEL,0.0,0
19_2JEL,0.0,0
20_2JEL,0.17,0
21_2JEL,0.4,0
22_2JEL,0.0,0
23_2JEL,0.0,0
24_2JEL,0.33,0
25_2JEL,0.68,0
26_2JEL,0.0,0
27_2JEL,0.67,0
28_2JEL,0.78,0
29_2JEL,0.79,0
30_2JEL,0.76,0
31_2JEL,0.0,0
32_2JEL,0.64,0
33_2JEL,0.0,0
34_2JEL,0.59,1
35_2JEL,0.0,0
36_2JEL,0.58,0
37_2JEL,0.31,0
38_2JEL,0.25,0
39_2JEL,0.43,0
40_2JEL,0.28,0
41_2JEL,0.34,1
42_2JEL,0.26,0
43_2JEL,0.5,0
44_2JEL,0.0,0
45_2JEL,0.56,0
46_2JEL,0.23,0
47_2JEL,0.29,0
48_2JEL,0.54,0
49_2JEL,0.22,0
50_2JEL,0.0,0
51_2JEL,0.39,0
52_2JEL,0.2,0
53_2JEL,0.36,0
54_2JEL,0.42,0
55_2JEL,0.0,0
56_2JEL,0.45,0
57_2JEL,0.04,0
58_2JEL,0.11,0
59_2JEL,0.12,0
60_2JEL,0.53,0
61_2JEL,0.0,0
62_2JEL,0.65,0
63_2JEL,0.0,0
64_2JEL,0.75,1
65_2JEL,0.0,0
66_2JEL,0.83,1
67_2JEL,0.86,1
68_2JEL,0.93,1
69_2JEL,0.87,0
70_2JEL,0.98,1
71_2JEL,1.0,1
72_2JEL,0.95,1
73_2JEL,0.0,0
74_2JEL,0.0,0
75_2JEL,0.9,1
76_2JEL,0.84,1
77_2JEL,0.0,0
78_2JEL,0.72,0
79_2JEL,0.7,0
80_2JEL,0.51,0
81_2JEL,0.0,0
82_2JEL,0.62,0
83_2JEL,0.48,0
84_2JEL,0.09,0
85_2JEL,0.08,0
1_2VXQ,0.32,0
2_2VXQ,0.26,0
3_2VXQ,0.14,0
4_2VXQ,0.19,0
5_2VXQ,0.08,0
6_2VXQ,0.0,0
7_2VXQ,0.29,0
8_2VXQ,0.0,0
9_2VXQ,0.58,0
10_2VXQ,0.6,0
11_2VXQ,0.71,0
12_2VXQ,0.69,0
13_2VXQ,0.93,0
14_2VXQ,1.0,0
15_2VXQ,0.96,0
16_2VXQ,0.99,0
17_2VXQ,0.51,0
18_2VXQ,0.0,0
19_2VXQ,0.0,0
20_2VXQ,0.43,0
21_2VXQ,0.38,0
22_2VXQ,0.41,0
23_2VXQ,0.4,0
24_2VXQ,0.68,0
25_2VXQ,0.87,0
26_2VXQ,0.62,0
27_2VXQ,0.81,0
28_2VXQ,0.88,0
29_2VXQ,0.8,0
30_2VXQ,0.79,0
31_2VXQ,0.48,0
32_2VXQ,0.28,1
33_2VXQ,0.0,0
34_2VXQ,0.47,1
35_2VXQ,0.34,0
36_2VXQ,0.55,0
37_2VXQ,0.66,0
38_2VXQ,0.59,0
39_2VXQ,0.35,1
40_2VXQ,0.18,1
41_2VXQ,0.12,1
42_2VXQ,0.21,0
43_2VXQ,0.22,1
44_2VXQ,0.0,0
45_2VXQ,0.63,0
46_2VXQ,0.76,0
47_2VXQ,0.95,0
48_2VXQ,0.94,0
49_2VXQ,0.82,0
50_2VXQ,0.75,0
51_2VXQ,0.61,0
52_2VXQ,0.23,0
53_2VXQ,0.72,0
54_2VXQ,0.73,0
55_2VXQ,0.89,0
56_2VXQ,0.53,0
57_2VXQ,0.91,0
58_2VXQ,0.85,0
59_2VXQ,0.98,0
60_2VXQ,0.86,0
61_2VXQ,0.74,0
62_2VXQ,0.54,0
63_2VXQ,0.36,0
64_2VXQ,0.27,0
65_2VXQ,0.2,1
66_2VXQ,0.0,0
67_2VXQ,0.06,1
68_2VXQ,0.16,1
69_2VXQ,0.39,0
70_2VXQ,0.42,0
71_2VXQ,0.92,0
72_2VXQ,0.83,0
73_2VXQ,0.78,0
74_2VXQ,0.65,0
75_2VXQ,0.31,1
76_2VXQ,0.25,1
77_2VXQ,0.13,1
78_2VXQ,0.03,1
79_2VXQ,0.02,1
80_2VXQ,0.01,1
81_2VXQ,0.0,0
82_2VXQ,0.11,0
83_2VXQ,0.33,0
84_2VXQ,0.56,0
85_2VXQ,0.67,0
86_2VXQ,0.52,0
87_2VXQ,0.45,0
88_2VXQ,0.49,0
89_2VXQ,0.46,0
90_2VXQ,0.15,0
91_2VXQ,0.07,0
92_2VXQ,0.09,0
93_2VXQ,0.0,0
94_2VXQ,0.05,0
1_4U6V,0.18,0
2_4U6V,0.16,0
3_4U6V,0.4,0
4_4U6V,0.44,0
5_4U6V,0.48,0
6_4U6V,0.6,0
7_4U6V,0.66,0
8_4U6V,0.62,0
9_4U6V,0.46,0
10_4U6V,0.26,0
11_4U6V,0.52,0
12_4U6V,0.32,0
13_4U6V,0.22,0
14_4U6V,0.05,0
15_4U6V,0.23,0
16_4U6V,0.36,0
17_4U6V,0.31,0
18_4U6V,0.25,0
19_4U6V,0.2,0
20_4U6V,0.08,0
21_4U6V,0.17,0
22_4U6V,0.35,0
23_4U6V,0.55,0
24_4U6V,0.69,0
25_4U6V,0.68,0
26_4U6V,0.68,0
27_4U6V,0.77,0
28_4U6V,0.7,0
29_4U6V,0.67,0
30_4U6V,0.6,0
31_4U6V,0.65,0
32_4U6V,0.65,0
33_4U6V,0.49,0
34_4U6V,0.0,0
35_4U6V,0.61,0
36_4U6V,0.75,0
37_4U6V,0.61,0
38_4U6V,0.78,0
39_4U6V,0.61,0
40_4U6V,0.62,0
41_4U6V,0.23,0
42_4U6V,0.0,0
43_4U6V,0.09,0
44_4U6V,0.1,0
45_4U6V,0.17,0
46_4U6V,0.27,0
47_4U6V,0.33,0
48_4U6V,0.24,0
49_4U6V,0.2,0
50_4U6V,0.07,0
51_4U6V,0.09,0
52_4U6V,0.07,0
53_4U6V,0.0,0
54_4U6V,0.19,0
55_4U6V,0.0,0
56_4U6V,0.48,0
57_4U6V,0.0,0
58_4U6V,0.5,0
59_4U6V,0.54,0
60_4U6V,0.36,0
61_4U6V,0.0,0
62_4U6V,0.43,0
63_4U6V,0.0,0
64_4U6V,0.49,0
65_4U6V,0.35,0
66_4U6V,0.58,0
67_4U6V,0.64,0
68_4U6V,0.68,0
69_4U6V,0.76,0
70_4U6V,0.82,0
71_4U6V,0.83,0
72_4U6V,0.82,0
73_4U6V,0.8,0
74_4U6V,0.81,0
75_4U6V,0.8,0
76_4U6V,0.0,0
77_4U6V,0.0,0
78_4U6V,0.0,0
79_4U6V,0.57,0
80_4U6V,0.0,0
81_4U6V,0.0,0
82_4U6V,0.01,0
83_4U6V,0.29,0
84_4U6V,0.0,0
85_4U6V,0.31,0
86_4U6V,0.0,0
87_4U6V,0.5,0
88_4U6V,0.0,0
89_4U6V,0.41,0
90_4U6V,0.0,0
91_4U6V,0.26,0
92_4U6V,0.06,0
93_4U6V,0.09,0
94_4U6V,0.13,0
95_4U6V,0.03,0
96_4U6V,0.0,0
97_4U6V,0.04,0
98_4U6V,0.0,0
99_4U6V,0.04,0
100_4U6V,0.3,0
101_4U6V,0.37,0
102_4U6V,0.47,0
103_4U6V,0.51,0
104_4U6V,0.47,0
105_4U6V,0.55,0
106_4U6V,0.77,0
107_4U6V,0.83,0
108_4U6V,0.84,0
109_4U6V,0.85,0
110_4U6V,0.85,0
111_4U6V,0.87,0
112_4U6V,0.91,0
113_4U6V,0.93,0
114_4U6V,0.94,0
115_4U6V,0.93,0
116_4U6V,0.95,0
117_4U6V,0.95,0
118_4U6V,0.97,0
119_4U6V,0.97,0
120_4U6V,0.98,0
121_4U6V,0.99,0
122_4U6V,1.0,0
123_4U6V,0.99,0
124_4U6V,0.99,0
125_4U6V,0.98,0
126_4U6V,1.0,0
127_4U6V,0.97,0
128_4U6V,0.96,0
129_4U6V,0.94,0
130_4U6V,0.95,0
131_4U6V,0.92,0
132_4U6V,0.96,0
133_4U6V,0.92,0
134_4U6V,0.92,0
135_4U6V,0.9,0
136_4U6V,0.91,0
137_4U6V,0.89,0
138_4U6V,0.9,0
139_4U6V,0.88,0
140_4U6V,0.87,0
141_4U6V,0.88,0
142_4U6V,0.87,0
143_4U6V,0.86,0
144_4U6V,0.85,0
145_4U6V,0.9,0
146_4U6V,0.86,0
147_4U6V,0.89,0
148_4U6V,0.84,0
149_4U6V,0.83,0
150_4U6V,0.8,0
151_4U6V,0.64,0
152_4U6V,0.29,0
153_4U6V,0.27,0
154_4U6V,0.32,0
155_4U6V,0.23,0
156_4U6V,0.37,0
157_4U6V,0.39,0
158_4U6V,0.42,0
159_4U6V,0.38,0
160_4U6V,0.22,0
161_4U6V,0.11,0
162_4U6V,0.03,0
163_4U6V,0.08,0
164_4U6V,0.28,0
165_4U6V,0.0,0
166_4U6V,0.54,0
167_4U6V,0.0,0
168_4U6V,0.42,0
169_4U6V,0.15,0
170_4U6V,0.15,0
171_4U6V,0.0,0
172_4U6V,0.3,0
173_4U6V,0.45,1
174_4U6V,0.21,0
175_4U6V,0.24,0
176_4U6V,0.33,0
177_4U6V,0.35,0
178_4U6V,0.54,0
179_4U6V,0.59,1
180_4U6V,0.66,0
181_4U6V,0.46,1
182_4U6V,0.42,1
183_4U6V,0.18,1
184_4U6V,0.12,0
185_4U6V,0.28,1
186_4U6V,0.28,1
187_4U6V,0.3,1
188_4U6V,0.39,1
189_4U6V,0.49,1
190_4U6V,0.57,1
191_4U6V,0.56,1
192_4U6V,0.0,0
193_4U6V,0.0,0
194_4U6V,0.4,0
195_4U6V,0.0,0
196_4U6V,0.0,0
197_4U6V,0.0,0
198_4U6V,0.56,0
199_4U6V,0.59,0
200_4U6V,0.59,1
201_4U6V,0.71,0
202_4U6V,0.75,0
203_4U6V,0.78,0
204_4U6V,0.79,0
205_4U6V,0.81,0
206_4U6V,0.0,0
207_4U6V,0.73,0
208_4U6V,0.73,0
209_4U6V,0.0,0
210_4U6V,0.0,0
211_4U6V,0.0,0
212_4U6V,0.4,0
213_4U6V,0.45,0
214_4U6V,0.21,0
215_4U6V,0.16,0
216_4U6V,0.14,0
217_4U6V,0.02,0
218_4U6V,0.04,0
219_4U6V,0.01,0
220_4U6V,0.0,0
221_4U6V,0.25,0
222_4U6V,0.11,0
223_4U6V,0.0,0
224_4U6V,0.02,0
225_4U6V,0.14,0
226_4U6V,0.0,0
227_4U6V,0.38,0
228_4U6V,0.43,0
229_4U6V,0.41,0
230_4U6V,0.0,0
231_4U6V,0.1,0
232_4U6V,0.0,0
233_4U6V,0.05,0
234_4U6V,0.0,0
235_4U6V,0.02,0
236_4U6V,0.06,0
237_4U6V,0.11,0
238_4U6V,0.06,0
239_4U6V,0.16,0
240_4U6V,0.19,0
241_4U6V,0.13,0
242_4U6V,0.34,0
243_4U6V,0.0,0
244_4U6V,0.44,0
245_4U6V,0.0,0
246_4U6V,0.63,0
247_4U6V,0.71,0
248_4U6V,0.69,0
249_4U6V,0.0,0
250_4U6V,0.53,0
251_4U6V,0.0,0
252_4U6V,0.37,0
253_4U6V,0.34,0
254_4U6V,0.0,0
255_4U6V,0.0,0
256_4U6V,0.0,0
257_4U6V,0.67,0
258_4U6V,0.0,0
259_4U6V,0.76,0
260_4U6V,0.74,0
261_4U6V,0.72,0
262_4U6V,0.79,0
263_4U6V,0.7,1
264_4U6V,0.71,1
265_4U6V,0.0,0
266_4U6V,0.52,1
267_4U6V,0.0,0
268_4U6V,0.53,0
269_4U6V,0.0,0
270_4U6V,0.33,0
271_4U6V,0.14,0
272_4U6V,0.18,0
273_4U6V,0.52,0
274_4U6V,0.56,0
275_4U6V,0.58,0
276_4U6V,0.64,0
277_4U6V,0.63,0
278_4U6V,0.0,0
279_4U6V,0.72,0
280_4U6V,0.78,0
281_4U6V,0.74,0
282_4U6V,0.76,0
283_4U6V,0.51,0
284_4U6V,0.0,0
285_4U6V,0.45,0
286_4U6V,0.0,0
287_4U6V,0.12,0
288_4U6V,0.26,0
289_4U6V,0.21,0
290_4U6V,0.47,0
291_4U6V,0.0,0
292_4U6V,0.66,0
293_4U6V,0.73,0
8_3LIZ,0.72,0
7_3LIZ,0.83,0
6_3LIZ,0.0,0
5_3LIZ,0.87,0
4_3LIZ,0.69,0
3_3LIZ,0.62,0
2_3LIZ,0.0,0
1_3LIZ,0.39,0
0_3LIZ,0.23,0
1_3LIZ,0.39,0
2_3LIZ,0.0,0
3_3LIZ,0.62,0
4_3LIZ,0.69,0
5_3LIZ,0.87,0
6_3LIZ,0.0,0
7_3LIZ,0.83,0
8_3LIZ,0.72,0
13_3LIZ,0.54,0
14_3LIZ,0.53,0
15_3LIZ,0.0,0
16_3LIZ,0.71,0
17_3LIZ,0.57,0
18_3LIZ,0.0,0
19_3LIZ,0.47,0
20_3LIZ,0.0,0
21_3LIZ,0.35,0
24_3LIZ,0.38,0
25_3LIZ,0.32,0
26_3LIZ,0.3,0
27_3LIZ,0.0,0
28_3LIZ,0.29,0
29_3LIZ,0.0,0
30_3LIZ,0.26,0
31_3LIZ,0.0,0
32_3LIZ,0.0,0
33_3LIZ,0.0,0
34_3LIZ,0.9,0
35_3LIZ,0.91,0
36_3LIZ,0.95,0
37_3LIZ,0.87,0
38_3LIZ,0.0,0
39_3LIZ,0.67,0
40_3LIZ,0.0,0
41_3LIZ,0.0,0
42_3LIZ,0.0,0
43_3LIZ,0.49,0
44_3LIZ,0.57,0
45_3LIZ,0.0,0
46_3LIZ,0.6,0
47_3LIZ,0.64,0
48_3LIZ,0.61,0
49_3LIZ,0.0,0
50_3LIZ,0.0,0
51_3LIZ,0.4,0
52_3LIZ,0.16,0
53_3LIZ,0.0,0
54_3LIZ,0.32,0
55_3LIZ,0.27,0
56_3LIZ,0.29,0
57_3LIZ,0.32,0
58_3LIZ,0.33,0
59_3LIZ,0.35,0
60_3LIZ,0.46,0
61_3LIZ,0.54,0
65_3LIZ,0.51,0
66_3LIZ,0.61,0
67_3LIZ,0.71,0
68_3LIZ,0.77,0
69_3LIZ,0.79,0
70_3LIZ,0.86,0
71_3LIZ,0.87,0
72_3LIZ,0.95,0
73_3LIZ,0.0,0
74_3LIZ,0.96,0
75_3LIZ,0.0,0
76_3LIZ,0.91,0
77_3LIZ,0.88,0
78_3LIZ,0.0,0
79_3LIZ,0.8,0
80_3LIZ,0.0,0
81_3LIZ,0.84,0
82_3LIZ,0.0,0
83_3LIZ,0.75,0
84_3LIZ,0.0,0
85_3LIZ,0.0,0
86_3LIZ,0.5,0
87_3LIZ,0.37,0
88_3LIZ,0.4,0
89_3LIZ,0.0,0
90_3LIZ,0.43,0
91_3LIZ,0.0,0
92_3LIZ,0.52,0
93_3LIZ,0.5,0
94_3LIZ,0.0,0
95_3LIZ,0.25,0
96_3LIZ,0.31,0
97_3LIZ,0.3,0
98_3LIZ,0.35,0
99_3LIZ,0.0,0
100_3LIZ,0.72,0
101_3LIZ,0.0,0
102_3LIZ,0.0,0
103_3LIZ,0.54,0
104_3LIZ,0.0,0
105_3LIZ,0.69,0
106_3LIZ,0.68,0
107_3LIZ,0.0,0
109_3LIZ,0.59,0
110_3LIZ,0.66,0
111_3LIZ,0.6,0
112_3LIZ,0.0,0
113_3LIZ,0.39,0
114_3LIZ,0.46,0
115_3LIZ,0.41,0
116_3LIZ,0.38,0
117_3LIZ,0.0,0
118_3LIZ,0.17,0
119_3LIZ,0.0,0
120_3LIZ,0.0,0
121_3LIZ,0.0,0
122_3LIZ,0.0,0
123_3LIZ,0.0,0
124_3LIZ,0.82,0
125_3LIZ,0.0,0
126_3LIZ,0.69,0
127_3LIZ,0.0,0
128_3LIZ,0.98,0
129_3LIZ,0.9,0
130_3LIZ,0.88,0
131_3LIZ,0.86,0
132_3LIZ,0.93,0
133_3LIZ,0.85,0
134_3LIZ,0.74,0
135_3LIZ,0.76,0
136_3LIZ,0.0,0
137_3LIZ,0.56,0
138_3LIZ,0.53,0
139_3LIZ,0.2,0
140_3LIZ,0.0,0
141_3LIZ,0.14,0
142_3LIZ,0.17,0
143_3LIZ,0.11,0
144_3LIZ,0.07,0
145_3LIZ,0.14,0
146_3LIZ,0.0,0
148_3LIZ,0.15,0
149_3LIZ,0.18,0
150_3LIZ,0.34,0
151_3LIZ,0.0,0
152_3LIZ,0.0,0
153_3LIZ,0.52,0
154_3LIZ,0.63,0
155_3LIZ,0.0,0
156_3LIZ,0.75,0
157_3LIZ,0.83,0
158_3LIZ,0.98,0
159_3LIZ,1.0,0
160_3LIZ,0.99,0
161_3LIZ,0.93,0
162_3LIZ,0.92,0
163_3LIZ,0.81,0
164_3LIZ,0.66,0
165_3LIZ,0.0,0
166_3LIZ,0.0,0
167_3LIZ,0.0,0
168_3LIZ,0.0,0
169_3LIZ,0.23,0
170_3LIZ,0.0,0
171_3LIZ,0.36,0
172_3LIZ,0.28,0
173_3LIZ,0.37,0
174_3LIZ,0.42,0
175_3LIZ,0.28,0
176_3LIZ,0.27,0
177_3LIZ,0.19,0
178_3LIZ,0.11,0
179_3LIZ,0.12,0
180_3LIZ,0.08,0
181_3LIZ,0.17,0
182_3LIZ,0.24,0
183_3LIZ,0.47,0
184_3LIZ,0.0,0
185_3LIZ,0.6,0
186_3LIZ,0.78,0
187_3LIZ,0.84,0
188_3LIZ,0.97,0
189_3LIZ,0.93,0
190_3LIZ,0.0,0
191_3LIZ,0.78,0
192_3LIZ,0.0,0
193_3LIZ,0.38,0
194_3LIZ,0.0,0
195_3LIZ,0.16,0
196_3LIZ,0.23,0
197_3LIZ,0.0,0
198_3LIZ,0.34,0
199_3LIZ,0.0,1
200_3LIZ,0.02,1
201_3LIZ,0.02,1
202_3LIZ,0.13,0
203_3LIZ,0.15,0
204_3LIZ,0.0,0
205_3LIZ,0.0,0
206_3LIZ,0.33,0
207_3LIZ,0.26,0
208_3LIZ,0.44,0
210_3LIZ,0.0,0
211_3LIZ,0.65,0
212_3LIZ,0.0,0
213_3LIZ,0.75,0
214_3LIZ,0.0,0
215_3LIZ,0.0,0
216_3LIZ,0.0,0
217_3LIZ,0.0,0
218_3LIZ,0.56,0
219_3LIZ,0.65,0
220_3LIZ,0.64,0
221_3LIZ,0.0,0
222_3LIZ,0.82,0
223_3LIZ,0.0,0
224_3LIZ,0.7,0
225_3LIZ,0.8,0
226_3LIZ,0.73,0
227_3LIZ,0.51,0
228_3LIZ,0.0,0
229_3LIZ,0.58,0
230_3LIZ,0.42,0
231_3LIZ,0.0,0
232_3LIZ,0.59,1
233_3LIZ,0.24,1
234_3LIZ,0.06,1
235_3LIZ,0.0,1
236_3LIZ,0.08,1
237_3LIZ,0.0,1
238_3LIZ,0.41,0
239_3LIZ,0.62,0
240_3LIZ,0.55,0
241_3LIZ,0.76,0
242_3LIZ,0.78,0
243_3LIZ,0.96,0
244_3LIZ,0.85,0
245_3LIZ,0.72,0
246_3LIZ,0.49,0
247_3LIZ,0.0,0
248_3LIZ,0.2,1
249_3LIZ,0.19,0
250_3LIZ,0.2,1
251_3LIZ,0.12,1
252_3LIZ,0.18,0
253_3LIZ,0.07,1
254_3LIZ,0.01,1
255_3LIZ,0.03,0
256_3LIZ,0.02,1
257_3LIZ,0.01,1
258_3LIZ,0.0,0
259_3LIZ,0.04,0
260_3LIZ,0.0,0
261_3LIZ,0.06,0
262_3LIZ,0.0,0
263_3LIZ,0.14,0
264_3LIZ,0.11,0
265_3LIZ,0.09,0
266_3LIZ,0.05,0
267_3LIZ,0.0,0
268_3LIZ,0.1,0
269_3LIZ,0.0,0
270_3LIZ,0.04,1
271_3LIZ,0.1,0
272_3LIZ,0.45,1
273_3LIZ,0.57,0
274_3LIZ,0.0,0
275_3LIZ,0.0,0
276_3LIZ,0.63,0
277_3LIZ,0.67,0
278_3LIZ,0.84,0
279_3LIZ,0.89,0
280_3LIZ,0.43,0
281_3LIZ,0.63,0
282_3LIZ,0.0,0
283_3LIZ,0.44,0
284_3LIZ,0.0,0
285_3LIZ,0.0,0
286_3LIZ,0.0,0
287_3LIZ,0.77,0
288_3LIZ,0.79,0
290_3LIZ,0.96,0
291_3LIZ,0.99,0
292_3LIZ,0.97,0
297_3LIZ,0.81,0
298_3LIZ,0.81,0
299_3LIZ,0.0,0
300_3LIZ,0.89,0
301_3LIZ,0.0,0
302_3LIZ,0.47,0
303_3LIZ,0.66,0
304_3LIZ,0.0,0
305_3LIZ,0.0,0
306_3LIZ,0.26,0
307_3LIZ,0.7,0
308_3LIZ,0.51,0
309_3LIZ,0.25,0
310_3LIZ,0.0,0
311_3LIZ,0.0,0
312_3LIZ,0.21,0
313_3LIZ,0.0,0
314_3LIZ,0.48,0
315_3LIZ,0.55,0
316_3LIZ,0.36,0
317_3LIZ,0.41,0
318_3LIZ,0.58,0
319_3LIZ,0.45,0
320_3LIZ,0.0,0
321_3LIZ,0.0,0
322_3LIZ,0.0,0
323_3LIZ,0.0,0
324_3LIZ,0.22,0
325_3LIZ,0.48,0
326_3LIZ,0.44,0
327_3LIZ,0.68,0
172_5MES,0.29,0
173_5MES,0.3,0
174_5MES,0.24,1
175_5MES,0.42,0
176_5MES,0.45,0
177_5MES,0.38,0
178_5MES,0.0,0
179_5MES,0.51,0
180_5MES,0.43,0
181_5MES,0.0,0
182_5MES,0.0,0
183_5MES,0.6,0
184_5MES,0.48,0
185_5MES,0.0,0
186_5MES,0.0,0
187_5MES,0.65,0
188_5MES,0.52,0
189_5MES,0.85,0
190_5MES,0.0,0
191_5MES,0.64,0
192_5MES,0.69,0
193_5MES,0.56,0
194_5MES,0.46,0
197_5MES,0.44,0
198_5MES,0.32,0
199_5MES,0.0,0
200_5MES,0.47,0
201_5MES,0.42,0
202_5MES,0.0,0
203_5MES,0.37,0
204_5MES,0.35,0
205_5MES,0.23,1
206_5MES,0.31,0
207_5MES,0.27,0
208_5MES,0.26,1
209_5MES,0.0,0
210_5MES,0.36,0
211_5MES,0.41,0
212_5MES,0.34,0
213_5MES,0.0,0
214_5MES,0.49,0
215_5MES,0.53,0
216_5MES,0.5,0
217_5MES,0.0,0
218_5MES,0.81,0
219_5MES,0.87,0
220_5MES,0.75,0
221_5MES,0.88,0
222_5MES,0.98,0
223_5MES,0.96,0
224_5MES,0.83,0
225_5MES,0.98,0
226_5MES,1.0,0
227_5MES,0.87,0
228_5MES,0.92,0
229_5MES,0.97,0
230_5MES,0.99,0
231_5MES,0.91,0
232_5MES,0.92,0
233_5MES,0.95,0
234_5MES,0.94,0
235_5MES,0.86,0
236_5MES,0.78,0
237_5MES,0.0,0
238_5MES,0.72,0
239_5MES,0.68,0
240_5MES,0.76,0
241_5MES,0.74,0
242_5MES,0.76,0
243_5MES,0.0,0
244_5MES,0.82,0
245_5MES,0.8,0
246_5MES,0.0,0
247_5MES,0.77,0
248_5MES,0.64,0
249_5MES,0.7,0
250_5MES,0.48,0
251_5MES,0.59,0
252_5MES,0.33,0
253_5MES,0.28,0
254_5MES,0.14,0
255_5MES,0.2,0
256_5MES,0.06,0
257_5MES,0.08,0
258_5MES,0.05,0
259_5MES,0.04,0
260_5MES,0.03,0
261_5MES,0.12,0
262_5MES,0.39,0
263_5MES,0.31,0
264_5MES,0.0,0
265_5MES,0.0,0
266_5MES,0.54,0
267_5MES,0.61,0
268_5MES,0.0,0
269_5MES,0.0,0
270_5MES,0.79,0
271_5MES,0.93,0
272_5MES,0.0,0
273_5MES,0.9,0
274_5MES,0.0,0
275_5MES,0.0,0
276_5MES,0.84,0
277_5MES,0.89,0
278_5MES,0.0,0
279_5MES,0.63,0
280_5MES,0.73,0
281_5MES,0.62,0
282_5MES,0.58,0
283_5MES,0.57,0
284_5MES,0.55,0
285_5MES,0.59,0
286_5MES,0.0,0
287_5MES,0.66,0
288_5MES,0.67,0
289_5MES,0.81,0
290_5MES,0.0,0
291_5MES,0.0,0
292_5MES,0.7,0
293_5MES,0.71,0
294_5MES,0.0,0
295_5MES,0.0,0
296_5MES,0.53,0
297_5MES,0.0,0
298_5MES,0.0,0
299_5MES,0.0,0
300_5MES,0.4,0
301_5MES,0.26,0
302_5MES,0.09,0
303_5MES,0.19,0
304_5MES,0.09,0
305_5MES,0.07,0
306_5MES,0.02,0
307_5MES,0.13,0
308_5MES,0.03,1
309_5MES,0.01,1
310_5MES,0.1,1
311_5MES,0.16,1
312_5MES,0.14,0
313_5MES,0.2,1
314_5MES,0.11,0
315_5MES,0.0,0
316_5MES,0.17,0
317_5MES,0.18,1
318_5MES,0.15,1
319_5MES,0.25,0
320_5MES,0.22,1
321_5MES,0.21,0
322_5MES,0.37,1
